verse_number,tantra,section,english_title
"-22","Introduction","The Author","The Author"
"-21","Introduction","Saiva Siddhanta","Saiva Siddhanta"
"-20","Introduction","Siva, the Pati","Siva, the Pati"
"-19","Introduction","The Soul and its Fetters","The Soul and its Fetters"
"-18","Introduction","Liberation and the Four Paths","Liberation and the Four Paths"
"-17","Introduction","The Place of the Tirumantiram","The Place of the Tirumantiram"
"-16","Introduction","A Bird's Eye View: The Prologue","A Bird's Eye View: The Prologue"
"-15","Introduction","Tantra One","Tantra One"
"-14","Introduction","Tantra Two","Tantra Two"
"-13","Introduction","Tantra Three","Tantra Three"
"-12","Introduction","Tantra Four","Tantra Four"
"-11","Introduction","Tantra Five","Tantra Five"
"-10","Introduction","Tantra Six","Tantra Six"
"-9","Introduction","Tantra Seven","Tantra Seven"
"-8","Introduction","Tantra Eight","Tantra Eight"
"-7","Introduction","Tantra Nine","Tantra Nine"
"-6","Prologue","Invocation and Prayer to God","Invocation and Prayer to God"
"-5","Prologue","The Vedas and the Agamas","The Vedas and the Agamas"
"-4","Prologue","The Lineage of Gurus","The Lineage of Gurus"
"-3","Prologue","The Mission of Tirumular","The Mission of Tirumular"
"-2","Prologue","The Nature of the Godhead","The Nature of the Godhead"
"-1","Prologue","On the Title — Mantra","On the Title — Mantra"
"0","Payiram","Invocation of Vinayaka","Adoration to the Holy Feet enshrined in my"
"1","Payiram","IN PRAISE OF GOD","One is Many"
"2","Payiram","SPECIAL INTRODUCTION","Defies Death"
"3","Payiram","SPECIAL INTRODUCTION","Immortal Gods Adore"
"4","Payiram","SPECIAL INTRODUCTION","Dispeis Gloom"
"5","Payiram","SPECIAL INTRODUCTION","Siva 19 Nonpareil"
"6","Payiram","SPECIAL INTRODUCTION","Omni-Competent"
"7","Payiram","SPECIAL INTRODUCTION","Divine Father"
"8","Payiram","SPECIAL INTRODUCTION","Kinder Than Mother"
"9","Payiram","SPECIAL INTRODUCTION","Ali Worship Him"
"10","Payiram","SPECIAL INTRODUCTION","Omnium Gatherw"
"11","Payiram","SPECIAL INTRODUCTION","Effort And Fruit"
"12","Payiram","IN PRAISE OF GOD","Beyond Comprehension"
"13","Payiram","IN PRAISE OF GOD","Immeasurabie"
"14","Payiram","IN PRAISE OF GOD","Transcends All"
"15","Payiram","IN PRAISE OF GOD","TH"
"16","Payiram","IN PRAISE OF GOD","Confers Everything On Gods"
"17","Payiram","IN PRAISE OF GOD","Love Profound"
"18","Payiram","IN PRAISE OF GOD","~ Munificent"
"19","Payiram","IN PRAISE OF GOD","Created Universe"
"20","Payiram","IN PRAISE OF GOD","in Mount Kailas"
"21","Payiram","IN PRAISE OF GOD","Comes Speeding"
"22","Payiram","IN PRAISE OF GOD","Seek Him, He Seeks You"
"23","Payiram","IN PRAISE OF GOD","Infinite Grace"
"24","Payiram","IN PRAISE OF GOD","Firm In Minds Firm"
"25","Payiram","IN PRAISE OF GOD","illusions Vanish"
"26","Payiram","IN PRAISE OF GOD","Attain Grace"
"27","Payiram","IN PRAISE OF GOD","He Enters Into You"
"28","Payiram","IN PRAISE OF GOD","Your Guide"
"29","Payiram","IN PRAISE OF GOD","Axle-Pin"
"30","Payiram","IN PRAISE OF GOD","Yearn For Him"
"31","Payiram","IN PRAISE OF GOD","Seek Him In Love"
"32","Payiram","IN PRAISE OF GOD","Sing Of Him"
"33","Payiram","IN PRAISE OF GOD","Adore Him ="
"34","Payiram","IN PRAISE OF GOD","Chant His Names Thousand"
"35","Payiram","IN PRAISE OF GOD","Path Crossed"
"36","Payiram","IN PRAISE OF GOD","Praise And Be Blessed"
"37","Payiram","IN PRAISE OF GOD","Throbs Within"
"38","Payiram","IN PRAISE OF GOD","Greatness Unceasing"
"39","Payiram","IN PRAISE OF GOD","Adore And Attain Grace"
"40","Payiram","IN PRAISE OF GOD","in The Heart Of The Pure"
"41","Payiram","IN PRAISE OF GOD","In Depths Of Devotee’s Heart"
"42","Payiram","IN PRAISE OF GOD","Grants All"
"43","Payiram","IN PRAISE OF GOD","Eternal Grace"
"44","Payiram","IN PRAISE OF GOD","Shines In Love"
"45","Payiram","IN PRAISE OF GOD","Divine Path"
"46","Payiram","IN PRAISE of GOD","In ‘Heart’s Centre"
"47","Payiram","IN PRAISE of GOD","Bliss Denied"
"48","Payiram","IN PRAISE of GOD","Unflickering Lamp"
"49","Payiram","IN PRAISE of GOD","Sea Of Bondage"
"50","Payiram","IN PRAISE of GOD","Seeking Is All"
"51","Payiram","GREATNESS OF VEDAS","Vedas Preclaim Dharma"
"52","Payiram","GREATNESS OF VEDAS","Truth Of Maker"
"53","Payiram","GREATNESS OF VEDAS","Meving Mood"
"54","Payiram","GREATNESS OF VEDAS","Supreme Path"
"55","Payiram","GREATNESS OF VEDAS","One In Several"
"56","Payiram","GREATNESS OF VEDAS","Vedic Sacrifices"
"57","Payiram","THE GREATNESS OF THE AGAMAS","Agamas From The Fifth Face Of Siva"
"58","Payiram","THE GREATNESS OF THE AGAMAS","Agamas Innumerable"
"59","Payiram","IN PRAISE OF GOD","Agamiic Truths in 18 Languages"
"60","Payiram","IN PRAISE OF GOD","Agamas Deep in Content"
"61","Payiram","IN PRAISE OF GOD","Agamas Revealed"
"62","Payiram","IN PRAISE OF GOD","Agamas Transmitted"
"63","Payiram","IN PRAISE OF GOD","। Nine Agamas"
"64","Payiram","IN PRAISE OF GOD","Import Of Agamas"
"65","Payiram","IN PRAISE OF GOD","Revealed Aiike In Sanskrit and Tamil"
"66","Payiram","IN PRAISE OF GOD","Key To Mystery Of Life"
"67","Payiram","THE GURU HIERARCHY","Eight Masters"
"68","Payiram","THE GURU HIERARCHY","Eight Nathas"
"69","Payiram","THE GURU HIERARCHY","Seven Disciples"
"70","Payiram","THE GURU HIERARCHY","Four Nandis-"
"71","Payiram","THE GURU HIERARCHY","Lord Transcends What He Revealed"
"72","Payiram","THE GURU HIERARCHY","Nandis Attain Celestial State"
"73","Payiram","HISTORY OF TIRUMULAR","In Meekness And Prayer"
"74","Payiram","HISTORY OF TIRUMULAR","Witnessed Divine Dance _"
"75","Payiram","HISTORY OF TIRUMULAR","Lost In Sakti Devotion"
"76","Payiram","IN PRAISE OF GOD","Mystic Truths Flashed"
"77","Payiram","IN PRAISE OF GOD",", Import Of Siva’s Dance"
"78","Payiram","IN PRAISE OF GOD","Devotion To Sakti"
"79","Payiram","IN PRAISE OF GOD","Under The Sacred Bodhi- Tree"
"80","Payiram","IN PRAISE OF GOD","Countless Years In Mortal Body"
"81","Payiram","IN PRAISE OF GOD","Agamic Truths In Tamil"
"82","Payiram","IN PRAISE OF GOD","Through Ninety Million Yugas"
"83","Payiram","IN PRAISE OF GOD","From Kailas 1௦ Earth"
"84","Payiram","IN PRAISE OF GOD","Scriptures"
"85","Payiram","IN PRAISE OF GOD","Bliss To Humanity"
"86","Payiram","IN PRAISE OF GOD","Garland Of Mantras"
"87","Payiram","IN PRAISE OF GOD","Splendour Of Tamil Agamas"
"88","Payiram","IN PRAISE OF GOD","Baffling Quest Of Brahma And Vishnu"
"89","Payiram","IN PRAISE OF GOD","Lord Blessed Tirumular"
"90","Payiram","IN PRAISE OF GOD","Basic Spiritual Categories"
"91","Payiram","IN PRAISE OF GOD","From Siva's Seat To Earth"
"92","Payiram","IN PRAISE OF GOD","Form-Formless Sadasiva State"
"93","Payiram","IN PRAISE OF GOD","God Within Vedic Hymns"
"94","Payiram","IN PRAISE OF GOD","Night And Day Yearn For Him"
"95","Payiram","IN HUMILITY","Infinite Greatness"
"96","Payiram","IN HUMILITY","Poor Qualifications"
"97","Payiram","IN HUMILITY","Power of Prayer"
"98","Payiram","IN HUMILITY","Gods Deep Mystery"
"99","Payiram","THE GLORY OF HOLY HYMNS 3000","HOLY HYMNS 3000"
"100","Payiram","THE SPIRITUAL HIERARCHY","General And ‘Specialised Knowledge"
"101","Payiram","THE SPIRITUAL HIERARCHY","Seven Holy Orders"
"102","Payiram","IN PRAISE OF GOD","Heads Of Seven Orders"
"103","Payiram","THE THREE GODS","Hara, Hari And Aya"
"104","Payiram","THE THREE GODS","Trinity—One Continuity"
"105","Payiram","THE THREE GODS","God Is One"
"106","Payiram","THE THREE GODS","Nine Aspects Of One Being"
"107","Payiram","THE THREE GODS","Trinity Are Kin"
"108","Payiram","THE THREE GODS","Trinity Are Co-Equals"
"109","Payiram","THE THREE GODS","All Gods Are But The One Siva"
"110","Payiram","THE THREE GODS","Assign Not Ranks To Trinity"
"111","Payiram","THE THREE GODS","One And Many"
"112","Payiram","THE THREE GODS","Siva Is Jiva"
"113","Tantra One","DIVINE INSTRUCTION","He Descended From Heaven and Filled Me With Grace"
"114","Tantra One","DIVINE INSTRUCTION","He Planted His Feet on My Heart"
"115","Tantra One","DIVINE INSTRUCTION","Pati (God), Pasu (Soul) and Pasa (Bondage) are Eternal"
"116","Tantra One","DIVINE INSTRUCTION","He Shattered Impurities Three—Egoity, Illusion and Karma"
"117","Tantra One","DIVINE INSTRUCTION","At His Glance, Impurities Vanish"
"118","Tantra One","DIVINE INSTRUCTION","He Broke Into My Soul's Silent Depths"
"119","Tantra One","DIVINE INSTRUCTION","Supreme Consciousness"
"120","Tantra One","DIVINE INSTRUCTION","He Roasted the Seeds of Recurring Births"
"121","Tantra One","DIVINE INSTRUCTION","Sivayogins Attain Turiya State in Mortal Body"
"122","Tantra One","DIVINE INSTRUCTION","Sivayoga is to Attain Self-Illumination"
"123","Tantra One","DIVINE INSTRUCTION","He Granted Me Bliss Supreme"
"124","Tantra One","DIVINE INSTRUCTION","Who Are the Siva-Siddhas"
"125","Tantra One","DIVINE INSTRUCTION","Siddhas Ascend the Thirty-Six Tattvas"
"126","Tantra One","DIVINE INSTRUCTION","They Walk Into Light of Siva"
"127","Tantra One","DIVINE INSTRUCTION","Siddhas Lose Themselves in Divine Tranquillity"
"128","Tantra One","DIVINE INSTRUCTION","Nature of Divine Tranquillity"
"129","Tantra One","DIVINE INSTRUCTION","Sleeping Still They Perceive"
"130","Tantra One","DIVINE INSTRUCTION","As Much as You Strive, So Much is His Grace Bestowed"
"131","Tantra One","DIVINE INSTRUCTION","The Glorious Beauty of Divine Dance"
"132","Tantra One","DIVINE INSTRUCTION","Attainment of Deathlessness and Birthlessness"
"133","Tantra One","DIVINE INSTRUCTION","Senses Controlled, They Saw This World and Next"
"134","Tantra One","DIVINE INSTRUCTION","Silence of Waveless Thought"
"135","Tantra One","DIVINE INSTRUCTION","When the Five Senses Take Cit's Way, They Reach Cit"
"136","Tantra One","DIVINE INSTRUCTION","Jiva Lies Enclosed in Siva"
"137","Tantra One","DIVINE INSTRUCTION","As Atom Merges in the Vast, Jiva Merges in Siva"
"138","Tantra One","DIVINE INSTRUCTION","Lord's Feet are the Final Refuge of Souls Illumined"
"139","Tantra One","DIVINE INSTRUCTION","Guru's Role in Soul's Illumination"
"140","Tantra One","DIVINE INSTRUCTION","Seek His Grace, the Senses Get Controlled"
"141","Tantra One","DIVINE INSTRUCTION","Fill Thy Thoughts With Nandi"
"142","Tantra One","DIVINE INSTRUCTION","Thus They Reached Heaven"
"143","Tantra One","TRANSITORINESS OF BODY","Dust Into Dust—That is Body's Way"
"144","Tantra One","TRANSITORINESS OF BODY","Vigil and Wisdom Alone Accompany the Departing Soul"
"145","Tantra One","TRANSITORINESS OF BODY","How Soon the Dead are Forgotten"
"146","Tantra One","TRANSITORINESS OF BODY","When Body Roof Falls, It Falls Forever"
"147","Tantra One","TRANSITORINESS OF BODY","Body Dead is to be Cremated"
"148","Tantra One","TRANSITORINESS OF BODY","Death Comes Sudden"
"149","Tantra One","TRANSITORINESS OF BODY","Pomp and Glory Lead But to the Grave"
"150","Tantra One","TRANSITORINESS OF BODY","Alive They Embraced the Body, Dead They Consigned it to Flames"
"151","Tantra One","TRANSITORINESS OF BODY","Nothing Remains, When Life Departs"
"152","Tantra One","TRANSITORINESS OF BODY","Kith and Kin Wept and Left"
"153","Tantra One","TRANSITORINESS OF BODY","Final Procession to Grave"
"154","Tantra One","TRANSITORINESS OF BODY","The Body Temple Crumbled; the Ninety-Six Tattvas Fled"
"155","Tantra One","TRANSITORINESS OF BODY","They Hurried the Body to Flames"
"156","Tantra One","TRANSITORINESS OF BODY","We do not learn from the death of others"
"157","Tantra One","TRANSITORINESS OF BODY","They Too Finally Depart Cleansing Themselves by a Bath"
"158","Tantra One","TRANSITORINESS OF BODY","When Body-Pot Breaks None Cares To Retain It"
"159","Tantra One","TRANSITORINESS OF BODY","Body is Burnt to Ashes; Beyond That We Know Not"
"160","Tantra One","TRANSITORINESS OF BODY","Body is Karmic Fruit"
"161","Tantra One","TRANSITORINESS OF BODY","Body is Fragile Frame"
"162","Tantra One","TRANSITORINESS OF BODY","The Lute Lay in Dust; the Music Ceased"
"163","Tantra One","TRANSITORINESS OF WEALTH","What Did the Body Leave Behind?"
"164","Tantra One","TRANSITORINESS OF WEALTH","Lamp Remained; Flame Died"
"165","Tantra One","TRANSITORINESS OF WEALTH","Those Who Do Not Adore the Lord, Lie writhing in the Seventh Hell"
"166","Tantra One","TRANSITORINESS OF WEALTH","Life's Procession Leads But to the Grave"
"167","Tantra One","TRANSITORINESS OF WEALTH","Nothing Can Lure Back the Life that Left"
"168","Tantra One","TRANSITORINESS OF WEALTH","Kingly regalia, domains and riches are impermanent"
"169","Tantra One","TRANSITORINESS OF WEALTH","Wealth waxes and wanes like the moon"
"170","Tantra One","TRANSITORINESS OF WEALTH","Your Shadow is With You, Does it help You? How About Wealth Then?"
"171","Tantra One","TRANSITORINESS OF WEALTH","The Bee Stores Honey Only to be Appropriated by Others; So is Your Hoarded Wealth"
"172","Tantra One","TRANSITORINESS OF YOUTH","Wealth is a Flood that Ebbs and Flows"
"173","Tantra One","TIRUMAN1 TRAM","Wealth is a Boat in Dangerous Waters"
"174","Tantra One","TIRUMAN1 TRAM","Earthly Treasures are Fleeting"
"175","Tantra One","TIRUMAN1 TRAM","Worldly Desires are Never-Ending"
"176","Tantra One","TIRUMAN1 TRAM","All Your Wealth Cannot Bribe Death Away"
"177","Tantra One","TIRUMAN1 TRAM","Rising Sun Sets; Glowing Youth Fades"
"178","Tantra One","TIRUMAN1 TRAM","Even a Life-time is not Enough to Know Him"
"179","Tantra One","TIRUMAN1 TRAM","While Life Still Throbs, Fix Your Mind on the Lord"
"180","Tantra One","TIRUMAN1 TRAM","Youth is Sugar-cane; Age is Nux Vomica"
"181","Tantra One","TIRUMAN1 TRAM","Time Fleets, So Centre yourself on the Lord"
"182","Tantra One","TRANSITORINESS OF LIFE","Think of the Lord Through Time's Cycles"
"183","Tantra One","TRANSITORINESS OF LIFE","The Body Perishes with the senses"
"184","Tantra One","TRANSITORINESS OF LIFE","Know Him the Eye of the eye"
"185","Tantra One","TRANSITORINESS OF LIFE","The Sixteen Kalas are Within; Why Then the Grave?"
"186","Tantra One","TRANSITORINESS OF LIFE","Before Youth Passes, Praise Him in Songs"
"187","Tantra One","TRANSITORINESS OF LIFE","The Bud Blossoms and Fades; So does Human Life"
"188","Tantra One","TRANSITORINESS OF LIFE","When Death's Summons Come, the Five Senses Desert the Body"
"189","Tantra One","TRANSITORINESS OF LIFE","Life's Drum Shattered to Pieces"
"190","Tantra One","TRANSITORINESS OF LIFE","Body is an Empty Vessel"
"191","Tantra One","TRANSITORINESS OF LIFE","Our Days are Numbered"
"192","Tantra One","NON-VIOLENCE","Everything decays"
"193","Tantra One","NON-VIOLENCE","Extract the food of Nectar"
"194","Tantra One","MEAT EATING—FORBIDDEN","Lord is the Light Beyond Visible Reach"
"195","Tantra One","MEAT EATING—FORBIDDEN","Pray and Perform Noble Deeds—This is the Law of Life Eternal"
"196","Tantra One","NOT COMMITTING ADULTERY","Share With Others Before You Eat"
"197","Tantra One","NOT COMMITTING ADULTERY","Don't Kill Even an Atom of Life"
"198","Tantra One","NOT COMMITTING ADULTERY","They Who Kill Reach Hell"
"199","Tantra One","EVIL WOMEN IS IGNOMINY","Meat Eaters Will Have to Face Hell's Torments"
"200","Tantra One","EVIL WOMEN IS IGNOMINY","Shun Sinful Living"
"201","Tantra One","EVIL WOMEN IS IGNOMINY","Seek not the Thorny Date; Ripened Jack-Fruit is at Hand"
"202","Tantra One","EVIL WOMEN IS IGNOMINY","Seek Not the Sour Tamarind: Sweet Mango is at Hand"
"203","Tantra One","EVIL WOMEN IS IGNOMINY","Adulterers Rush to Doom"
"204","Tantra One","IN VAIN PURSUIT OF ACCUMULATION","Pledge not Your Heart to Lust"
"205","Tantra One","IN VAIN PURSUIT OF ACCUMULATION","Incontinent Passion Spells Ruin"
"206","Tantra One","IN VAIN PURSUIT OF ACCUMULATION","Women's Charms unreliable"
"207","Tantra One","IN VAIN PURSUIT OF ACCUMULATION","Sweet Beginning, Bitter End"
"208","Tantra One","IN VAIN PURSUIT OF ACCUMULATION","Irretrievable Loss in Lust"
"209","Tantra One","RELATING TO SACRIFICIAL FIRE","Misery of Making a Living"
"210","Tantra One","RELATING TO SACRIFICIAL FIRE","Pre-Occupation With Filling the Stomach-Pit"
"211","Tantra One","RELATING TO SACRIFICIAL FIRE","Seek not to Fill the Stomach - Pit; Fill the Birth Pit"
"212","Tantra One","RELATING TO SACRIFICIAL FIRE","Light Wisdom's Lamp in Good Time"
"213","Tantra One","RELATING TO SACRIFICIAL FIRE","Lord Alone is Refuge from Harrying Births"
"214","Tantra One","RELATING TO SACRIFICIAL FIRE","Prosperity Springs From Sacrifice"
"215","Tantra One","RELATING TO SACRIFICIAL FIRE","They Give Before They Eat"
"216","Tantra One","RELATING TO SACRIFICIAL FIRE","Sacrifices Lead to Heaven"
"217","Tantra One","RELATING TO SACRIFICIAL FIRE","Karmas Depart When Mantras are Chanted"
"218","Tantra One","RELATING TO SACRIFICIAL FIRE","Sacrificial Fires Consume Sins"
"219","Tantra One","DHARMA OF BRAHMINS","It Scorches Karmic Evils"
"220","Tantra One","DHARMA OF BRAHMINS","Sacrifices Give Wealth Imperishable"
"221","Tantra One","DHARMA OF BRAHMINS","Lord is the Sacrificial Flame of the Heart"
"222","Tantra One","DHARMA OF BRAHMINS","He is the Fire Within All Fires"
"223","Tantra One","DHARMA OF BRAHMINS","Sacrificial Flame is Undying"
"224","Tantra One","DHARMA OF BRAHMINS","Brahmins Stand in Holy Path"
"225","Tantra One","DHARMA OF BRAHMINS","Through Vedanta They Seek the Endless Bliss"
"226","Tantra One","DHARMA OF BRAHMINS","They Incessant Chant Gayatri and Savitri Mantras"
"227","Tantra One","DHARMA OF BRAHMINS","They attained the Manifest State of God"
"228","Tantra One","DHARMA OF BRAHMINS","To Sunder Birth's Bonds is to Realize Brahmam"
"229","Tantra One","DHARMA OF BRAHMINS","Vedanta is to be Rid of Desires"
"230","Tantra One","DHARMA OF BRAHMINS","Tuft and Thread Alone do not Make a Brahmin"
"231","Tantra One","DHARMA OF BRAHMINS","Attributes of True Brahmins"
"232","Tantra One","DHARMA OF BRAHMINS","They Seek Samadhi State"
"233","Tantra One","DHARMA OF BRAHMINS","They Stand Firm in Vedanta Truth"
"234","Tantra One","THE PATH OF KINGS","True Brahmins Bring Prosperity to Earth"
"235","Tantra One","THE PATH OF KINGS","Through Vedanta They Scale the Heights of Siddhanta"
"236","Tantra One","THE PATH OF KINGS","They Seek Merger in Lord"
"237","Tantra One","THE PATH OF KINGS","They Vision Brahman in Aum"
"238","Tantra One","THE PATH OF KINGS","Death Fairer Than the Tyrant"
"239","Tantra One","THE PATH OF KINGS","Let the Ruler Observe Holy Law;"
"240","Tantra One","THE PATH OF KINGS","Ruler's Duty Towards Men of False Garb"
"241","Tantra One","THE PATH OF KINGS","Ruler's Duty to Impious Brahmins"
"242","Tantra One","THE PATH OF KINGS","Ruler's Duty to Impart Wisdom to Erring Brahmins"
"243","Tantra One","THE PATH OF KINGS","Ruler's Duty to Protect Cows, Women and Brahmins"
"244","Tantra One","THE GLORY OF RAINS","Ruler's Share—One-Sixth of the Subject's Produce"
"245","Tantra One","THE GLORY OF RAINS","Ruler's Duty to Defend the Territory"
"246","Tantra One","THE GLORY OF GIVING","Ruler to Punish Drunkards"
"247","Tantra One","IN PRAISE OF THE CHARITABLE","Ruler to Punish Those Who Deviate From Their Professed Faiths"
"248","Tantra One","IN PRAISE OF THE CHARITABLE","Vegetation Blooms"
"249","Tantra One","IN PRAISE OF THE CHARITABLE","Clear Stream"
"250","Tantra One","IN PRAISE OF THE CHARITABLE","Share Your Food With Others"
"251","Tantra One","IN PRAISE OF THE CHARITABLE","The Charitable Realize the Self"
"252","Tantra One","IN PRAISE OF THE CHARITABLE","Charity is Within the Reach of All"
"253","Tantra One","IN PRAISE OF THE CHARITABLE","Evils of Hoarding"
"254","Tantra One","IN PRAISE OF THE CHARITABLE","Give Charity When You Have"
"255","Tantra One","IN PRAISE OF THE CHARITABLE","Give Charity Here and Now"
"256","Tantra One","IN PRAISE OF THE CHARITABLE","By Your Charities the Lord Knows You"
"257","Tantra One","WAY OF THE UNCHARITABLE","Charity Leads to Life Eternal"
"258","Tantra One","WAY OF THE UNCHARITABLE","Charity and Devotion Twin Escorts to Heaven"
"259","Tantra One","WAY OF THE UNCHARITABLE","Charity is Your Life's Prop"
"260","Tantra One","WAY OF THE UNCHARITABLE","The Hoarders are Sinners"
"261","Tantra One","WAY OF THE UNCHARITABLE","Life is Fleeting; Give While You Live"
"262","Tantra One","WAY OF THE UNCHARITABLE","Give and Escape Hell"
"263","Tantra One","WAY OF THE UNCHARITABLE","All Ailments Assail, If in Charity You Fail"
"264","Tantra One","WAY OF THE UNCHARITABLE","End is Nigh; Do not Deny"
"265","Tantra One","TO BE LOVE-POSSESSED","Loneliness Comes of Denial"
"266","Tantra One","TO BE LOVE-POSSESSED","Compassion Leads to God"
"267","Tantra One","TO BE LOVE-POSSESSED","Denial Leads to Misery"
"268","Tantra One","TO BE LOVE-POSSESSED","Denial Leads to Sinful State"
"269","Tantra One","TO BE LOVE-POSSESSED","Giving is Aiming True"
"270","Tantra One","TO BE LOVE-POSSESSED","Love and Siva are One"
"271","Tantra One","TO BE LOVE-POSSESSED","Lay Love's Garland at the Lord's Feet"
"272","Tantra One","TO BE LOVE-POSSESSED","Melt in Love and Possess Him"
"273","Tantra One","SIVA KNOWS THOSE WHO LOVE HIM","Love Hara and See Him"
"274","Tantra One","SIVA KNOWS THOSE WHO LOVE HIM","Love Him, He Loves You"
"275","Tantra One","SIVA KNOWS THOSE WHO LOVE HIM","He is Enthroned in Love"
"276","Tantra One","SIVA KNOWS THOSE WHO LOVE HIM","His Love is Unending"
"277","Tantra One","SIVA KNOWS THOSE WHO LOVE HIM","His Love is Blessings All"
"278","Tantra One","SIVA KNOWS THOSE WHO LOVE HIM","Seek in Love the Heavenly Father"
"279","Tantra One","SIVA KNOWS THOSE WHO LOVE HIM","He is Our Refuge"
"280","Tantra One","LEARNING","Lord Rewards as Merit Befits"
"281","Tantra One","LEARNING","Lord Blends Life With Love"
"282","Tantra One","LEARNING","Divine Light in God-Love"
"283","Tantra One","LEARNING","Surrender in Love"
"284","Tantra One","LEARNING","Devotion Leads to Liberation"
"285","Tantra One","LEARNING","His Feet Visioned in Love"
"286","Tantra One","LEARNING","His Love is Inscrutable"
"287","Tantra One","LEARNING","Seek Him in Love"
"288","Tantra One","LEARNING","Seek Him, He Seeks You"
"289","Tantra One","LISTENING AND THUS CONTAINING","Be Steadfast in Devotion"
"290","Tantra One","LISTENING AND THUS CONTAINING","True Learning Leads to Liberation"
"291","Tantra One","LISTENING AND THUS CONTAINING","Illumined Souls Get the Inner Eye"
"292","Tantra One","LISTENING AND THUS CONTAINING","Learning Purifies"
"293","Tantra One","LISTENING AND THUS CONTAINING","Learning Leads to Renunciation"
"294","Tantra One","LISTENING AND THUS CONTAINING","Pure Knowledge is Guardian Angel"
"295","Tantra One","LISTENING AND THUS CONTAINING","Holy Books Help Scale Spiritual Heights"
"296","Tantra One","LISTENING AND THUS CONTAINING","Hara Stands Revealed to the Truly Learned"
"297","Tantra One","LISTENING AND THUS CONTAINING","Lord is no Support to the Ignorant"
"298","Tantra One","LISTENING AND THUS CONTAINING","The Truly Learned Attain Bliss"
"299","Tantra One","NON-LEARNING","He Resides in Learned Devotees' Hearts"
"300","Tantra One","NON-LEARNING","Listen to Words of Siva's Glory"
"301","Tantra One","NON-LEARNING","Listening to Holy Words Leads to Realization"
"302","Tantra One","NON-LEARNING","Obey Siva and Become Deva"
"303","Tantra One","NON-LEARNING","Adore Siva and Be Immortal"
"304","Tantra One","NON-LEARNING","Prayer Brings Grace"
"305","Tantra One","NON-LEARNING","He Forsakes not His Devotees"
"306","Tantra One","NON-LEARNING","Faith Intense Gives Bliss Eternal"
"307","Tantra One","NON-LEARNING","Listening to Holy Things is a Sure Prop"
"308","Tantra One","NON-LEARNING","A Stone-Cow to Scorners"
"309","Tantra One","THE MIDDLE PATH","Unite in Heart and Thought Towards Lord"
"310","Tantra One","THE MIDDLE PATH","The Unlearned are they Who hold not to Truth"
"311","Tantra One","THE MIDDLE PATH","Unlearned Realize not God's Pervasiveness"
"312","Tantra One","THE MIDDLE PATH","God Abides not in the Hearts of the Unlearned"
"313","Tantra One","ABSTAINING FROM DRINK","Unlearned of Hara's Ways Descend to Hell"
"314","Tantra One","ABSTAINING FROM DRINK","Unlearned Sport in Carnal Pleasures"
"315","Tantra One","ABSTAINING FROM DRINK","Lord is within as Above"
"316","Tantra One","ABSTAINING FROM DRINK","Unlearned do not See Him"
"317","Tantra One","ABSTAINING FROM DRINK","Avoid the Unlearned"
"318","Tantra One","ABSTAINING FROM DRINK","The Truly Learned have Vision of Sivajnana"
"319","Tantra One","ABSTAINING FROM DRINK","True Learning Brings Light Divine"
"320","Tantra One","ABSTAINING FROM DRINK","Middle Path is Wisdom"
"321","Tantra One","ABSTAINING FROM DRINK","Gods and Saints Stand in Middle path"
"322","Tantra One","ABSTAINING FROM DRINK","Walk With the Just"
"323","Tantra One","ABSTAINING FROM DRINK","The Just Adore His Feet"
"324","Tantra One","ABSTAINING FROM DRINK","Drunkards Lose Sense of Right and Wrong"
"325","Tantra One","ABSTAINING FROM DRINK","Sivananda Wine Brings Eternal Self-Forgetfulness"
"326","Tantra One","ABSTAINING FROM DRINKING","The Wicked Drink in Vama Tantra"
"327","Tantra One","ABSTAINING FROM DRINKING","Drinking in Vama Tantra Worship Leads to Perdition"
"328","Tantra Two","EIGHT HEROIC DEEDS OF SIVA","Truth Eludes Drunkards"
"329","Tantra Two","EIGHT HEROIC DEEDS OF SIVA","Followers of False Religion Neither Seek nor See Him"
"330","Tantra Two","EIGHT HEROIC DEEDS OF SIVA","Wine Stupefies Senses and Destroys Truth"
"331","Tantra Two","EIGHT HEROIC DEEDS OF SIVA","Joys of Sivananda Nectar"
"332","Tantra Two","EIGHT HEROIC DEEDS OF SIVA","True Sakti Worship Seeks Divine Nectar"
"333","Tantra Two","EIGHT HEROIC DEEDS OF SIVA","Sakti and Siva are One"
"334","Tantra Two","EIGHT HEROIC DEEDS OF SIVA","Divine Nectar Leads to Siddhis"
"335","Tantra Two","EIGHT HEROIC DEEDS OF SIVA","Yogis Seek Ambrosia of the Cranial Moon"
"336","Tantra Two","LINGA PURANAM","Drink Divine Nectar in Samadhi"
"337","Tantra Two","LINGA PURANAM","The Lord Corrects the Earth’s Balance Through"
"338","Tantra Two","LINGA PURANAM","Agastya—A Pervasive Light"
"339","Tantra Two","LINGA PURANAM","The Eight Mighty Deeds of Siva—Destruction of"
"340","Tantra Two","LINGA PURANAM","The Lord Punished Daksha"
"341","Tantra Two","LINGA PURANAM","How the Lord Punished Aya and Achutha"
"342","Tantra Two","DAKSHA’S SACRIFICE","How the Lord Destroyed Jalandhara"
"343","Tantra Two","DAKSHA’S SACRIFICE","The Lord Burnt the Cities Three"
"344","Tantra Two","DAKSHA’S SACRIFICE","The Lord Unsloughed the Elephant"
"345","Tantra Two","DAKSHA’S SACRIFICE","The Lord Scorched the God of Death"
"346","Tantra Two","DAKSHA’S SACRIFICE","The Lord Vanquished Kama, the God of Love"
"347","Tantra Two","DAKSHA’S SACRIFICE","The Benevolent Deeds Of The Lord—"
"348","Tantra Two","DAKSHA’S SACRIFICE","The Lord is not Beyond Reach"
"349","Tantra Two","DAKSHA’S SACRIFICE","The Lord Blessed Aya and Mal"
"350","Tantra Two","DAKSHA’S SACRIFICE","Lord Blessed Ravana"
"351","Tantra Two","DELUGE","The Lord Blessed Chandeswara"
"352","Tantra Two","DELUGE","The Lord is the Refuge of the Heavenly Beings"
"353","Tantra Two","DELUGE","What Befell Celestials at Daksha’s Sacrifice"
"354","Tantra Two","DELUGE","What Befell Hari"
"355","Tantra Two","DELUGE","To Each According to His Desert — the Way of"
"356","Tantra Two","GIFT OF THE DISCUS","Gods Got What They Deserved"
"357","Tantra Two","GIFT OF THE DISCUS","The Lord Comes to Those Who Seek Him in Yoga"
"358","Tantra Two","GIFT OF THE DISCUS","For Want of Hara’s Grace They Lost All"
"359","Tantra Two","GIFT OF THE DISCUS","Pranava and Ajapajapa"
"360","Tantra Two","SKELETON AND SKULL","The Lord Destroyed Asuras to Protect the"
"361","Tantra Two","IN SEARCH OF CROWN AND FEET OF SIVA","Repent and Pray; Lord Blesses"
"362","Tantra Two","IN SEARCH OF CROWN AND FEET OF SIVA","The Lord Blesses the Two Who for Primacy"
"363","Tantra Two","IN SEARCH OF CROWN AND FEET OF SIVA","The Lord Saved Mortals"
"364","Tantra Two","IN SEARCH OF CROWN AND FEET OF SIVA","Lord is Ocean of Grace"
"365","Tantra Two","IN SEARCH OF CROWN AND FEET OF SIVA","To Quell Rising Tides Lord Placed Primal Fire"
"366","Tantra Two","IN SEARCH OF CROWN AND FEET OF SIVA",". The Lord Severed Head of Brahma Who erred"
"367","Tantra Two","IN SEARCH OF CROWN AND FEET OF SIVA","Through Arrogance Mal Lost His Chakra"
"368","Tantra Two","IN SEARCH OF CROWN AND FEET OF SIVA","The Lord Split Power of Chakra"
"369","Tantra Two","IN SEARCH OF CROWN AND FEET OF SIVA","The Lord Splits Power of Chakra"
"370","Tantra Two","CREATION — MICROCOSMIC","At Daksha’s Sacrifice Chakra Lost Power"
"371","Tantra Two","CREATION — MICROCOSMIC","Why The Lord Wears Skull and Bones"
"372","Tantra Two","CREATION — MICROCOSMIC","Brahma and Mal Seek His Feet"
"373","Tantra Two","CREATION — MICROCOSMIC","But 1 Knew Lord, -By His Grace Abounding"
"374","Tantra Two","CREATION — MICROCOSMIC","Lord is Omnipresent"
"375","Tantra Two","CREATION — MICROCOSMIC","The Two Saw not His Form Entire"
"376","Tantra Two","CREATION — MICROCOSMIC","The Two Contended For Primacy"
"377","Tantra Two","CREATION — MICROCOSMIC","The Lord Animates Within Brahma and Vishnu"
"378","Tantra Two","CREATION — MICROCOSMIC","Know God’s Truth and Be Blessed Now and"
"379","Tantra Two","CREATION — MICROCOSMIC","Only in Self-Surrender Will the Lord Be Truly"
"380","Tantra Two","CREATION — MICROCOSMIC","Lord Decreed Brahma’s Fate"
"381","Tantra Two","CREATION — MICROCOSMIC","Act of Creation by the Primal One"
"382","Tantra Two","CREATION — MICROCOSMIC","Creation Continues"
"383","Tantra Two","CREATION — MICROCOSMIC","Latent Maya Evolves"
"384","Tantra Two","CREATION — MICROCOSMIC","Evolution of Maan Sakti—the Substratum of"
"385","Tantra Two","CREATION — MICROCOSMIC","Universe of Five Elements—Evolves"
"386","Tantra Two","CREATION — MICROCOSMIC","Siva is the Source of Creation"
"387","Tantra Two","CREATION — MICROCOSMIC","In the Union of Sadasiva with Maan Sakti"
"388","Tantra Two","CREATION — MICROCOSMIC","How the Elements Five Evolved"
"389","Tantra Two","CREATION — MICROCOSMIC","The Primal One Created the Universe With"
"390","Tantra Two","CREATION — MICROCOSMIC","Creation is an Act of Pure Consciousness by the"
"391","Tantra Two","CREATION — MICROCOSMIC","The Primai One is Narayana and Brahma as Weil"
"392","Tantra Two","CREATION — MICROCOSMIC","As Light Within Brahma, the Primal One Creates"
"393","Tantra Two","CREATION — MICROCOSMIC","At the Creation the Compassionate One Pervades"
"394","Tantra Two","CREATION — MICROCOSMIC","The Lord Animates the Body in Justice"
"395","Tantra Two","CREATION — MICROCOSMIC","Lord is the Refuge of All Departed Life"
"396","Tantra Two","CREATION — MICROCOSMIC","Creation the Play of He-She"
"397","Tantra Two","CREATION — MICROCOSMIC","He functions as the Three"
"398","Tantra Two","CREATION — MICROCOSMIC","The Five Gods Were Born of Anava Sakti"
"399","Tantra Two","CREATION — MICROCOSMIC","Creation the Play of the Ultimate"
"400","Tantra Two","SUSTENANCE","The Elements and the Five manifestations come"
"401","Tantra Two","SUSTENANCE","Maya Sakti Born of Bindu Performs the Five Acts"
"402","Tantra Two","SUSTENANCE","Names of Glories of Maya Sakti"
"403","Tantra Two","SUSTENANCE","One Sadasiva Became Five"
"404","Tantra Two","SUSTENANCE","Sadasiva Alone Performs the Five Functions"
"405","Tantra Two","SUSTENANCE","Of Red Lotus Hue is Our Lord!"
"406","Tantra Two","SUSTENANCE","Sadasiva is in the Heart of Even Those Who"
"407","Tantra Two","SUSTENANCE","The One Holy Family Performs All"
"408","Tantra Two","SUSTENANCE","The Act of Genesis"
"409","Tantra Two","SUSTENANCE","He Pervades All Creation as Life Within"
"410","Tantra Two","DESTRUCTION","Varieties of Creation"
"411","Tantra Two","DESTRUCTION","The Spirit Pervades All"
"412","Tantra Two","DESTRUCTION","He is the Totality"
"413","Tantra Two","DESTRUCTION","The True Way"
"414","Tantra Two","DESTRUCTION","Sadasiva is 111 ` the Heart of Even Those Who"
"415","Tantra Two","DESTRUCTION","Lord is Diverse"
"416","Tantra Two","DESTRUCTION","He Stands in Divine Love"
"417","Tantra Two","DESTRUCTION","He Fashions Things Big and Small"
"418","Tantra Two","DESTRUCTION","He is Nandi ்‌"
"419","Tantra Two","DESTRUCTION","He Supports Ail Worlds"
"420","Tantra Two","OBSCURATION","He Grants Immortal Body to Those Who See Him"
"421","Tantra Two","OBSCURATION","Fire is Lord’s Shaft"
"422","Tantra Two","OBSCURATION","Three are His Layas"
"423","Tantra Two","OBSCURATION","The Fire Spreads"
"424","Tantra Two","OBSCURATION","The Descent of Grace"
"425","Tantra Two","OBSCURATION","Four Forms of Mergence"
"426","Tantra Two","OBSCURATION","What Transpires in the Four Deaths"
"427","Tantra Two","OBSCURATION","Four Forms of Mergence"
"428","Tantra Two","OBSCURATION","Thus Four are the Mergence"
"429","Tantra Two","OBSCURATION","TANTRA ‘TWO 67"
"430","Tantra Two","BESTOWAL OF GRACE","Scorch Your Karmas"
"431","Tantra Two","BESTOWAL OF GRACE","He is Within You Yet You Know Him Not"
"432","Tantra Two","BESTOWAL OF GRACE","The Lord Gave This Life"
"433","Tantra Two","BESTOWAL OF GRACE","Even the Three Gods do not Know the Mystery"
"434","Tantra Two","BESTOWAL OF GRACE","Adore and Attain"
"435","Tantra Two","BESTOWAL OF GRACE","He Dispels the Darkness Within"
"436","Tantra Two","BESTOWAL OF GRACE","The Lord veils the Unity."
"437","Tantra Two","BESTOWAL OF GRACE","The Hidden One Will Reveal Himself"
"438","Tantra Two","BESTOWAL OF GRACE","One Became Five"
"439","Tantra Two","BESTOWAL OF GRACE","He is the Pure One"
"440","Tantra Two","CREATION MICROCOSM","The Eye Sees Not : Itself"
"441","Tantra Two","CREATION MICROCOSM","Life and Death are Acts of God"
"442","Tantra Two","CREATION MICROCOSM","Lord is the. Substance and Architect"
"443","Tantra Two","CREATION MICROCOSM","Potter Fashions as His Fancy Takes"
"444","Tantra Two","CREATION MICROCOSM","He Dwells in My Thoughts"
"445","Tantra Two","CREATION MICROCOSM","‘In Love, He Created"
"446","Tantra Two","CREATION MICROCOSM","God Created All,"
"447","Tantra Two","CREATION MICROCOSM","He Who Created, Sustained As Well"
"448","Tantra Two","CREATION MICROCOSM","The Pervasive Siva is Here as Well"
"449","Tantra Two","CREATION MICROCOSM","He is the Object of All Knowledge"
"450","Tantra Two","CREATION MICROCOSM","The Lord Pervades All in Partiality to None"
"451","Tantra Two","CREATION MICROCOSM","God Creates From Within the Womb"
"452","Tantra Two","CREATION MICROCOSM","The Lord Grants Breath and the Child is Born"
"453","Tantra Two","CREATION MICROCOSM","The Course of Life Was Ordained at Time of"
"454","Tantra Two","CREATION MICROCOSM","Through That Union Entered the 25 Tattvas to"
"455","Tantra Two","CREATION MICROCOSM","The Tattvas Remained in the Forehead of the"
"456","Tantra Two","CREATION MICROCOSM","Prana Enters Jiva at Birth"
"457","Tantra Two","CREATION MICROCOSM","The Lord Drives in the Tattvas into the Infant"
"458","Tantra Two","CREATION MICROCOSM","The Child With the Three Gunas in Balance is"
"459","Tantra Two","CREATION MICROCOSM","Into the Foetus Mayaic Mind was Placed"
"460","Tantra Two","CREATION MICROCOSM","Jiva Gets Consciousness and Desires"
"461","Tantra Two","CREATION MICROCOSM","How the Body is Fashioned"
"462","Tantra Two","CREATION MICROCOSM","The Lord Contains the Fire in Muladhara"
"463","Tantra Two","CREATION MICROCOSM","The Lord Preserves the Foetus"
"464","Tantra Two","CREATION MICROCOSM","Breathing and Size of Infant"
"465","Tantra Two","CREATION MICROCOSM","Body of 25 Tattvas"
"466","Tantra Two","CREATION MICROCOSM","After Death, Senses End With Body; Jiva Ends"
"467","Tantra Two","CREATION MICROCOSM","The 35 Tattvas Introduced"
"468","Tantra Two","CREATION MICROCOSM","Lord Creates"
"469","Tantra Two","CREATION MICROCOSM","Lord Placed the Six Adharas"
"470","Tantra Two","CREATION MICROCOSM","Lord Placed Divine Jnana in Cranium"
"471","Tantra Two","CREATION MICROCOSM","Lord Creates Life From Primal Seed of Causation"
"472","Tantra Two","CREATION MICROCOSM","Body’s Impermanence"
"473","Tantra Two","CREATION MICROCOSM","Lord Gives and Lord Takes Life"
"474","Tantra Two","CREATION MICROCOSM","Lord Gave Means of Redemption"
"475","Tantra Two","CREATION MICROCOSM","He Placed Jiva in Care of Two Foster-Mothers"
"476","Tantra Two","CREATION MICROCOSM","Then Siva and Sakti Pervaded 21325"
"477","Tantra Two","CREATION MICROCOSM","He Printed the Sex of the Infant"
"478","Tantra Two","CREATION MICROCOSM","Sex Determined at Sexual Union"
"479","Tantra Two","CREATION MICROCOSM","Age is Determined"
"480","Tantra Two","CREATION MICROCOSM","Birth Imperfections Explained"
"481","Tantra Two","THE THREE CATEGORIES OF JIVAS","How Deaf, Dumb, and Blind are Born"
"482","Tantra Two","THE THREE CATEGORIES OF JIVAS","Breathing at Union Decides Sex of Baby"
"483","Tantra Two","THE THREE CATEGORIES OF JIVAS","How a Handsome Baby is Born"
"484","Tantra Two","THE THREE CATEGORIES OF JIVAS","How Infant in the Womb Grows"
"485","Tantra Two","THE THREE CATEGORIES OF JIVAS","Maya Fosters the Baby"
"486","Tantra Two","THE THREE CATEGORIES OF JIVAS","Maya’s Hidden Act"
"487","Tantra Two","THE THREE CATEGORIES OF JIVAS","In Manhood Jiva Seeks God"
"488","Tantra Two","THE THREE CATEGORIES OF JIVAS","How Maya Fosters Babe"
"489","Tantra Two","THE THREE CATEGORIES OF JIVAS","God Protects Jiva at All Stages"
"490","Tantra Two","THE WORTHY SOULS","Lord Appears in Prayer and Penance"
"491","Tantra Two","THE WORTHY SOULS","Birth is by Lord’s Grace"
"492","Tantra Two","THE WORTHY SOULS","Play of Sakti-Siva infuses Divine Spirit"
"493","Tantra Two","THE WORTHY SOULS","The Three Categories Form Ten Classes"
"494","Tantra Two","THE UNWORTHY SOULS","The Four Classes of Vijnanars"
"495","Tantra Two","THE UNWORTHY SOULS","The Three Classes of Pralayakalas"
"496","Tantra Two","THE UNWORTHY SOULS","The Three Ciasses of Sakalas"
"497","Tantra Two","THE UNWORTHY SOULS","Stages of Attainment in Mala Riddance"
"498","Tantra Two","HOLY WATERS","Nine Gradations of Jivas"
"499","Tantra Two","HOLY WATERS","How Sakalas Among Vijnanakalas Attain"
"500","Tantra Two","HOLY WATERS","How Jivas Reach Siva"
"501","Tantra Two","HOLY WATERS","Give Freely to Sivajnanis"
"502","Tantra Two","HOLY WATERS","Lord’s Devotees are Elevated Souls"
"503","Tantra Two","HOLY WATERS","Lord’s Feet are like a Self-Effulgent Lamp"
"504","Tantra Two","THE HOLY TEMPLE","Lord does Things Appropriate to Those of Tender"
"505","Tantra Two","THE HOLY TEMPLE","Giving to Unworthy is Undesirable"
"506","Tantra Two","THE HOLY TEMPLE","Do not Give to Those Who Have no Love for God"
"507","Tantra Two","THE HOLY TEMPLE","He Who Gives to Sivajnanis will Become a Jnani"
"508","Tantra Two","THE HOLY TEMPLE","Do not Give to Unworthy; the Giver and the"
"509","Tantra Two","THE HOLY TEMPLE","The Holy Waters are Within Us"
"510","Tantra Two","FACE","Lord Abides in Jnana Thought"
"511","Tantra Two","FACE","Men of False Faith do not See the Lord Within"
"512","Tantra Two","FACE","Bathe in Ganga and Be Purified"
"513","Tantra Two","FACE","Seek not Lord Elsewhere; He is Within Thee"
"514","Tantra Two","FACE","Watex Within Forms Vital Body Constituent"
"515","Tantra Two","ABUSE OF SIVA","Dangers of Transplanting Linga"
"516","Tantra Two","ABUSE OF SIVA","Dangers of Destruction to Temple"
"517","Tantra Two","ABUSE OF SIVA","Dangers of Skipping Performance of Puja"
"518","Tantra Two","ABUSE OF SIVA","Dangers of Puja Ceasing"
"519","Tantra Two","ABUSE OF GURU","Puja to be Performed Only by Qualified Priests"
"520","Tantra Two","ABUSE OF GURU","Manifestation of Downward-looking Face"
"521","Tantra Two","ABUSE OF GURU","Blue Throat of Downward-looking Face"
"522","Tantra Two","ABUSE OF GURU","The Truth of Lord’s Blue-Throat"
"523","Tantra Two","ABUSE OF GURU","The Downward-Looking Face is of Sadasiva"
"524","Tantra Two","ABUSE OF GURU","The Face Creates Ail"
"525","Tantra Two","ABUSE OF GURU","It Blossomed Into a Hundred Worlds and"
"526","Tantra Two","ABUSE OF SIVA JNANI (MAHESVARA)","Abuse of Siva Brings Misery"
"527","Tantra Two","ABUSE OF SIVA JNANI (MAHESVARA)","Adore Lord and Attain Jnana"
"528","Tantra Two","ABUSE OF SIVA JNANI (MAHESVARA)","_ Abuse not Siva Even in Fun"
"529","Tantra Two","ABUSE OF SIVA JNANI (MAHESVARA)","Dare not Forget Lord However Holy"
"530","Tantra Two","ABUSE OF SIVA JNANI (MAHESVARA)","The True Disciples are Blessed"
"531","Tantra Two","PATIENCE","Consequences of Abusing Guru"
"532","Tantra Two","PATIENCE","Consequences of Abusing the Good"
"533","Tantra Two","TO SEEK THE:COMPANY OF THE HOLY","Do not Abuse Guru"
"534","Tantra Two","TO SEEK THE:COMPANY OF THE HOLY","Harm to World by Maltreatment of Guru"
"535","Tantra Two","TO SEEK THE:COMPANY OF THE HOLY","Do not Utter Falsehood in Guru’s Presence"
"536","Tantra Two","TO SEEK THE:COMPANY OF THE HOLY","Jnana Guru is the Real Guru"
"537","Tantra Two","TO SEEK THE:COMPANY OF THE HOLY","Consequences of Abusing Mahesvara"
"538","Tantra Three","ASHTANGA YOGAM","Blessings of Jnani’s Presence"
"539","Tantra Two","PATIENCE","Patience is the Sheet-anchor of Yogis"
"540","Tantra Two","PATIENCE","hs Celestial Beings Worship Lord"
"541","Tantra Two","PATIENCE","Walk With the Holy"
"542","Tantra Two","PATIENCE","Lord Grants Grace to Those Who Adore Him"
"543","Tantra Two","TO SEEK THE COMPANY OF THE HOLY","Lord’s Play"
"544","Tantra Two","TO SEEK THE COMPANY OF THE HOLY","Holy Company Saves You From Distress"
"545","Tantra Two","TO SEEK THE COMPANY OF THE HOLY","Holy Company Leads You to Bliss"
"546","Tantra Two","TO SEEK THE COMPANY OF THE HOLY","The Holy are Kin of Lord"
"547","Tantra Two","TO SEEK THE COMPANY OF THE HOLY","Siva Welcomes Devotees of His Devotees"
"548","Tantra Two","TO SEEK THE COMPANY OF THE HOLY","1 joined the Company of the Rich in Grace"
"549","Tantra Three","ASANAS","Difficult to Expound is the Science of Yoga"
"550","Tantra Three","ASHTANGA YOGA","Yoga Includes Kavacha, Nyasa and Mudra"
"551","Tantra Three","ASANAS","Ashtanga Yoga Leads to Samadhi and to Jnana"
"552","Tantra Three","ASHTANGA YOGA","Eight Limbs of Yoga"
"553","Tantra Three","IYAMA","Perform Iyamas Always"
"554","Tantra Three","IYAMA","Ways of Iyama"
"555","Tantra Three","IYAMA","Way of Niyama"
"556","Tantra Three","IYAMA","Ten Virtues of Niyama"
"557","Tantra Three","IYAMA","Further Ten Attributes of Niyama"
"558","Tantra Three","ASANA","Prominent Asanas"
"559","Tantra Three","ASANA","Padmasana—Lotus Posture"
"560","Tantra Three","PRANAYAMA","Bhadrasana—Happy Posture"
"561","Tantra Three","ASANA","Kukkudasana—Cock Posture"
"562","Tantra Three","ASANA","Simhasana—Lion Posture"
"563","Tantra Three","ASANA","Important Asanas are Eight"
"564","Tantra Three","PRANAYAMA","Master the Steed of Breath"
"565","Tantra Three","PRANAYAMA","Control of Inhalation and Exhalation"
"566","Tantra Three","PRANAYAMA","Breath control Activates Body"
"567","Tantra Three","PRANAYAMA","Breath Control Yields Life-Nectar"
"568","Tantra Three","PRANAYAMA","Puraka Kumbhaka Rechaka Alternated—Cleansing"
"569","Tantra Three","PRANAYAMA","Breath Control Makes Body Light as"
"570","Tantra Three","PRANAYAMA","Breath Control Gives Supreme Strength"
"571","Tantra Three","PRANAYAMA","Knowledge of Science of Breath Leads to Him"
"572","Tantra Three","PRANAYAMA","Effect of Puraka, Kumbhaka, Rechaka"
"573","Tantra Three","PRANAYAMA","Time Duration of Inhaling Retaining and"
"574","Tantra Three","PRANAYAMA","How to Practise Pranayama"
"575","Tantra Three","PRANAYAMA","Purify Body By Breath Control"
"576","Tantra Three","PRANAYAMA","Inhale 12 Matras; Retain 4 Matras"
"577","Tantra Three","PRANAYAMA","Learn to Control Breath and Master Death"
"578","Tantra Three","DHARANA","Blessings of Mind Withdrawal"
"579","Tantra Three","DHARANA","Retain Breath Below Navel Region"
"580","Tantra Three","DHARANA","Where Kundalini Is"
"581","Tantra Three","DHARANA","Breath Control for Maha Siddha Yoga."
"582","Tantra Three","DHARANA","When Light Appears"
"583","Tantra Three","DHARANA","What Kundalini Yoga is"
"584","Tantra Three","DHARANA","Kundalini Yoga Ends Birth"
"585","Tantra Three","DHARANA","Pratyahara"
"586","Tantra Three","DHARANA","Pranayama Helps Pratyahara"
"587","Tantra Three","DHYANA","What Pratyahara Can Lead to"
"588","Tantra Three","DHYANA","How to Practise Dharana"
"589","Tantra Three","DHYANA","Lord Dances in Sahasrara"
"590","Tantra Three","DHYANA","Siva ascends to Sakti"
"591","Tantra Three","DHYANA","Practice of Kundalini Yoga"
"592","Tantra Three","DHYANA","ractise Breath மேயம்‌01 in Proper Time-Measure"
"593","Tantra Three","DHYANA","Practise Breath Coniro! in Silence"
"594","Tantra Three","DHYANA","Longevity Gained by Breath Control"
"595","Tantra Three","DHYANA","Mind Control Through Breath Control"
"596","Tantra Three","DHYANA","Make the Body Immortal"
"597","Tantra Three","DHYANA","Dharana is Involution"
"598","Tantra Three","DHYANA","Dhyana is of Two Kinds"
"599","Tantra Three","DHYANA","In Dhyana the Divine Light Appears"
"600","Tantra Three","DHYANA","In Dhyana Can Be Seen the Jnana Form of Siva"
"601","Tantra Three","DHYANA","Alas! They Perform not Dhyana"
"602","Tantra Three","DHYANA","முக Brightens All Lamps Within"
"603","Tantra Three","DHYANA","Look Within in Dhyana"
"604","Tantra Three","DHYANA","Fruits of Dhyana"
"605","Tantra Three","DHYANA","Dhyana Leads to Cessation of Birth"
"606","Tantra Three","DHYANA","Varied Sound Experiences in Dhyana"
"607","Tantra Three","SAMADHI","Other Sound Experiences in Dhyana"
"608","Tantra Three","SAMADHI","Fruits of God-Realization"
"609","Tantra Three","SAMADHI","Yoga Leads to Nadanta"
"610","Tantra Three","SAMADHI","Involution Into Nada is Final Stage"
"611","Tantra Three","SAMADHI","The Way to Ascension to Space lies through"
"612","Tantra Three","SAMADHI","Perfect Meditation Leads to Immortality"
"613","Tantra Three","SAMADHI","Meditation Leads Across the Three Spheres"
"614","Tantra Three","SAMADHI","To Transcend Mandala is to be Exalted"
"615","Tantra Three","SAMADHI","Immortality Through Dhyana Yoga"
"616","Tantra Three","SAMADHI","Deep Meditation on Centres Leads to God"
"617","Tantra Three","SAMADHI","Grace Comes From Dhyana"
"618","Tantra Three","SAMADHI","Samadhi is the Final Goal of Ashtanga Yoga"
"619","Tantra Three","SAMADHI","Vision of Light Resplendent in Samadhi"
"620","Tantra Three","SAMADHI","In Samadhi Mano-Laya is Reached"
"621","Tantra Three","FRUITS OF EIGHT-LIMBED YOGA","Mystic Vision in Samadhi"
"622","Tantra Three","FRUITS OF EIGHT-LIMBED YOGA","In Samadhi They Vision the Void"
"623","Tantra Three","FRUITS OF EIGHT-LIMBED YOGA","Vision Lord’s Dance in Samadhi"
"624","Tantra Three","FRUITS OF EIGHT-LIMBED YOGA","Samadhi Leads to Siva"
"625","Tantra Three","FRUITS OF EIGHT-LIMBED YOGA","Ambrosia in Samadhi Leads to God"
"626","Tantra Three","FRUITS OF EIGHT-LIMBED YOGA","In Samadhi Gneness in God is Attained"
"627","Tantra Three","FRUITS OF EIGHT-LIMBED YOGA","Vision of Mystic Moon in Samadhi"
"628","Tantra Three","FRUITS OF EIGHT-LIMBED YOGA","Union With Siva in Samadhi"
"629","Tantra Three","FRUITS OF EIGHT-LIMBED YOGA","Tranquillity in Samadhi"
"630","Tantra Three","THE EIGHT GREAT SIDDHIS","Samadhi Leads tc Worship by Gods"
"631","Tantra Three","THE EIGHT GREAT SIDDHIS","Samadhi Transcends Siddhis"
"632","Tantra Three","THE EIGHT GREAT SIDDHIS","Lord’s Devotees Reach Abode of Gods"
"633","Tantra Three","THE EIGHT GREAT SIDDHIS","Devotees Reach World of Siva"
"634","Tantra Three","THE EIGHT GREAT SIDDHIS","Devotees Will Be Elevated"
"635","Tantra Three","THE EIGHT GREAT SIDDHIS","Devotee Welcomed by 0612511815"
"636","Tantra Three","THE EIGHT GREAT SIDDHIS","The Devotee Hailed"
"637","Tantra Three","THE EIGHT GREAT SIDDHIS","Even Celestials Have to Follow the Path of"
"638","Tantra Three","THE EIGHT GREAT SIDDHIS","- Perform Siddhis in Meekness"
"639","Tantra Three","THE EIGHT GREAT SIDDHIS","Devotee’s Way is the Seeking of Gods"
"640","Tantra Three","THE EIGHT GREAT SIDDHIS","In Samadhi diva Unites in Uhcaused Being"
"641","Tantra Three","THE EIGHT GREAT SIDDHIS","Nothing Impossible Then"
"642","Tantra Three","THE EIGHT GREAT SIDDHIS","Sambhavi and Kechari Mudras ior Siddhis"
"643","Tantra Three","THE EIGHT GREAT SIDDHIS","Power of Transmigration"
"644","Tantra Three","THE EIGHT GREAT SIDDHIS","Karma Yoga Practices are Inferior to Eight"
"645","Tantra Three","THE EIGHT GREAT SIDDHIS","Siddh:"
"646","Tantra Three","THE EIGHT GREAT SIDDHIS","Subile Sounds"
"647","Tantra Three","THE EIGHT GREAT SIDDHIS","Siddhis in the Seventh, Eighth and Ninth Years"
"648","Tantra Three","THE EIGHT GREAT SIDDHIS","Siddhis in the Tenth, Eleventh and Twelfth Years"
"649","Tantra Three","THE EIGHT GREAT SIDDHIS","The Eight Siddhis Enumeraied"
"650","Tantra Three","THE EIGHT GREAT SIDDHIS","Anima Siddhi to Mukti"
"651","Tantra Three","THE EIGHT GREAT SIDDHIS","Light at the Manipura"
"652","Tantra Three","THE EIGHT GREAT SIDDHIS","On the Way to Siva Mukti"
"653","Tantra Three","THE EIGHT GREAT SIDDHIS","193. ae G. 1"
"654","Tantra Three","THE EIGHT GREAT SIDDHIS","Importance of Dhanamjaya"
"655","Tantra Three","THE EIGHT GREAT SIDDHIS","Diseases Appear When Dhanamjaya Does not"
"656","Tantra Three","THE EIGHT GREAT SIDDHIS","Importance of Kurma Vayu for Eye"
"657","Tantra Three","THE EIGHT GREAT SIDDHIS","The Three Gods Animate Three Nadis"
"658","Tantra Three","THE EIGHT GREAT SIDDHIS","Mukti Vision in Centre of Nine Nadis"
"659","Tantra Three","THE EIGHT GREAT SIDDHIS","Practice of Kundalini Yoga"
"660","Tantra Three","THE EIGHT GREAT SIDDHIS","1 you seek woman in lust"
"661","Tantra Three","THE EIGHT GREAT SIDDHIS","They who raise Nada within the Nadi"
"662","Tantra Three","THE EIGHT GREAT SIDDHIS","Reaching Purna Sakti"
"663","Tantra Three","THE EIGHT GREAT SIDDHIS","Sakti as the Supreme Cause Expands"
"664","Tantra Three","THE EIGHT GREAT SIDDHIS","Poorna Sakti evolves in Nada"
"665","Tantra Three","THE EIGHT GREAT SIDDHIS","Merge in Poorna Sakti"
"666","Tantra Three","THE EIGHT GREAT SIDDHIS","Lord Dances in Jiva."
"667","Tantra Three","THE EIGHT GREAT SIDDHIS","Through Nada Yoga 1 Reached to Sakti"
"668","Tantra Three","THE EIGHT GREAT SIDDHIS","=> DUS Sonor @) ५/2 GF ¢ தானாக"
"669","Tantra Three","THE EIGHT GREAT SIDDHIS","Bevond the Eight Siddhis in the 140005 Nectar"
"670","Tantra Three","THE EIGHT GREAT SIDDHIS","Siddhis Lead to Mukti Only by Sakti’s Grace"
"671","Tantra Three","THE EIGHT GREAT SIDDHIS","Beyond Siddhis is True Goal"
"672","Tantra Three","THE EIGHT GREAT SIDDHIS","Siddhis Lead to Kamiya Loka"
"673","Tantra Three","THE EIGHT GREAT SIDDHIS","Anima"
"674","Tantra Three","THE EIGHT GREAT SIDDHIS","Laghima"
"675","Tantra Three","THE EIGHT GREAT SIDDHIS","Vision in Laghima"
"676","Tantra Three","THE EIGHT GREAT SIDDHIS","Mahima"
"677","Tantra Three","THE EIGHT GREAT SIDDHIS",">"
"678","Tantra Three","THE EIGHT GREAT SIDDHIS","Finite Attainments Through Mahima Siddhi"
"679","Tantra Three","THE EIGHT GREAT SIDDHIS","Prapti in a Year After Visioning Sakti"
"680","Tantra Three","THE EIGHT GREAT SIDDHIS","-"
"681","Tantra Three","THE EIGHT GREAT SIDDHIS","Experiences in Prapti"
"682","Tantra Three","THE EIGHT GREAT SIDDHIS","Prakamya a Year After Prapti"
"683","Tantra Three","THE EIGHT GREAT SIDDHIS","Salvation Easy After Prakamya"
"684","Tantra Three","THE EIGHT GREAT SIDDHIS","Isatva a Year After Prakamya"
"685","Tantra Three","THE EIGHT GREAT SIDDHIS","“In Isatva Yogi Becomes Moon"
"686","Tantra Three","THE EIGHT GREAT SIDDHIS","Powers Isatva Confers"
"687","Tantra Three","THE EIGHT GREAT SIDDHIS","After One Year of Isatva Yogi Attains Power to"
"688","Tantra Three","THE EIGHT GREAT SIDDHIS","Vasitva Confers Immanence"
"689","Tantra Three","THE EIGHT GREAT SIDDHIS","In Vasitva the Yogi Visions Chit-Sakti"
"690","Tantra Three","THE EIGHT GREAT SIDDHIS","Kamarutatva (Kamavasayitha)"
"691","Tantra Three","THE EIGHT GREAT SIDDHIS","What Kamarutatva Leads to"
"692","Tantra Three","THE EIGHT GREAT SIDDHIS","Visions in Kamarutatva"
"693","Tantra Three","THE EIGHT GREAT SIDDHIS","When the Eight Siddhis are Attained"
"694","Tantra Three","THE EIGHT GREAT SIDDHIS","Sakti Pervades Prana After Siddhis are Attained"
"695","Tantra Three","THE EIGHT GREAT SIDDHIS","Nectar Flows When Prana Pervades Body"
"696","Tantra Three","THE EIGHT GREAT SIDDHIS","From Ajna Where Sadasiva Nayaki is, Prana"
"697","Tantra Three","THE EIGHT GREAT SIDDHIS","Description of Sadasiva Nayaki"
"698","Tantra Three","THE EIGHT GREAT SIDDHIS","How to Reach Tativa Nayaki"
"699","Tantra Three","THE EIGHT GREAT SIDDHIS","क क"
"700","Tantra Three","THE EIGHT GREAT SIDDHIS","Prana Reaches Tani.Nayaki and remains Exalted"
"701","Tantra Three","HALA UNWAVERING","Prana Merges in the Five-Letters"
"702","Tantra Three","HALA UNWAVERING","How Prana Pervaded the Nadis"
"703","Tantra Three","HALA UNWAVERING","Samadhi When Prana Reaches the Ninth Centre"
"704","Tantra Three","HALA UNWAVERING","In Samadhi Yogi Visions Light Divine"
"705","Tantra Three","HALA UNWAVERING","Conduct of Aspirant For Yoga Samadhi"
"706","Tantra Three","HALA UNWAVERING","Prowess of Those Who Attain Samadhi"
"707","Tantra Three","HALA UNWAVERING","Seek Lord Within"
"708","Tantra Three","HALA UNWAVERING","Gods in Successive Adharas and Niradharas"
"709","Tantra Three","HALA UNWAVERING","Unalloyed Bliss Beyond the Adhara Yoga"
"710","Tantra Three","HALA UNWAVERING","Lord Himself Appears Before Yogis"
"711","Tantra Three","HALA UNWAVERING","Immortality for Yogis Who Have Reached the"
"712","Tantra Three","HALA UNWAVERING","Yoga Leads to Divine Nectar"
"713","Tantra Three","HALA UNWAVERING","The Lord of the Fore-head-eye"
"714","Tantra Three","WAY TO KAYASIDDHI","Anchor Thoughts Firm on Lord"
"715","Tantra Three","WAY TO KAYASIDDHI","Way to Steady Kalas"
"716","Tantra Three","WAY TO KAYASIDDHI","Steady Prana Breath, Sankara Appears"
"717","Tantra Three","WAY TO KAYASIDDHI","Sadhaka’s State in Samadhi"
"718","Tantra Three","WAY TO KAYASIDDHI","Perform Yoga Penance and Reach Lord"
"719","Tantra Three","WAY TO KAYASIDDHI","Stages of Prana’s Ascending Course"
"720","Tantra Three","WAY TO KAYASIDDHI","Kundalini Yoga Turns the Body inte Temple of"
"721","Tantra Three","WAY TO KAYASIDDHI","Know the Mystery of Prana Merging in Nada"
"722","Tantra Three","WAY TO KAYASIDDHI","Treasure Guru’s Guidance for Yoga"
"723","Tantra Three","WAY TO KAYASIDDHI","immortality Through Samadhi Yoga"
"724","Tantra Three","WAY TO KAYASIDDHI","Experiences of Yogi When Prana Ascends"
"725","Tantra Three","WAY TO KAYASIDDHI","Importance of Preserving Body"
"726","Tantra Three","WAY TO KAYASIDDHI","Why I Preserve Body"
"727","Tantra Three","WAY TO KAYASIDDHI","Purification of Internal Organs of Body"
"728","Tantra Three","WAY TO KAYASIDDHI","Effect of Practising Yoga at Dawn, Noon and"
"729","Tantra Three","WAY TO KAYASIDDHI","Yoga Ledds to Imperishable Body"
"730","Tantra Three","WAY TO KAYASIDDHI","How to Live for 166 years"
"731","Tantra Three","WAY TO KAYASIDDHI","Divine Music in Yoga Practice"
"732","Tantra Three","WAY TO KAYASIDDHI","In Yoga Practice Soham 15 Chanted"
"733","Tantra Three","WHEEL OF TIME OR KALA CHAKRA","Course Prana dnd Apana Through Meditation"
"734","Tantra Three","WHEEL OF TIME OR KALA CHAKRA","Centre Thy Thoughts on Muliadhara"
"735","Tantra Three","WHEEL OF TIME OR KALA CHAKRA","Eternal Youth Through Yoga"
"736","Tantra Three","WHEEL OF TIME OR KALA CHAKRA","Continence Leads to God-hood"
"737","Tantra Three","WHEEL OF TIME OR KALA CHAKRA","Yoga Gives Comeliness of Body"
"738","Tantra Three","WHEEL OF TIME OR KALA CHAKRA","Imperishable Life in Yogic Vision"
"739","Tantra Three","WHEEL OF TIME OR KALA CHAKRA","Yogi Vibrates With Youthfulness"
"740","Tantra Three","WHEEL OF TIME OR KALA CHAKRA","“Wheel of Time or Kala Chakra"
"741","Tantra Three","WHEEL OF TIME OR KALA CHAKRA","Ascension of Jiva from Moon’s Sphere"
"742","Tantra Three","WHEEL OF TIME OR KALA CHAKRA","Knowledge"
"743","Tantra Three","WHEEL OF TIME OR KALA CHAKRA","Meditation on Appropriate Mantra to Attain Kaya"
"744","Tantra Three","WHEEL OF TIME OR KALA CHAKRA","Critical Years of Life"
"745","Tantra Three","WHEEL OF TIME OR KALA CHAKRA","Days Appropriate for Commencing Yoga"
"746","Tantra Three","WHEEL OF TIME OR KALA CHAKRA","Yoga Explained"
"747","Tantra Three","WHEEL OF TIME OR KALA CHAKRA","God is Beyond Adharas and Tattvas"
"748","Tantra Three","WHEEL OF TIME OR KALA CHAKRA","The Days it Takes the Yogi to Traverse Adharas"
"749","Tantra Three","WHEEL OF TIME OR KALA CHAKRA","Vision of the Three Mandalas"
"750","Tantra Three","WHEEL OF TIME OR KALA CHAKRA","Practise Yoga in Time and Order Stated"
"751","Tantra Three","WHEEL OF TIME OR KALA CHAKRA","Kindle Kundalini Lamp Within"
"752","Tantra Three","WHEEL OF TIME OR KALA CHAKRA","Journey Through Six Adharas in Two Stages"
"753","Tantra Three","WHEEL OF TIME OR KALA CHAKRA","Importance of Sushumna in Yoga"
"754","Tantra Three","WHEEL OF TIME OR KALA CHAKRA","Coliective Vision of Mandalas End Karma"
"755","Tantra Three","WHEEL OF TIME OR KALA CHAKRA","Missing the Vision, the Body Perishes"
"756","Tantra Three","WHEEL OF TIME OR KALA CHAKRA","Those Who Vision Can Become the Dancing Lord"
"757","Tantra Three","WHEEL OF TIME OR KALA CHAKRA","Seek the Dancing Lord as Goal and Become One"
"758","Tantra Three","WHEEL OF TIME OR KALA CHAKRA","God Vision at the End of 33 Days of Yoga"
"759","Tantra Three","WHEEL OF TIME OR KALA CHAKRA","Vision of the Hundred Petalled Lotus of Sahasrara"
"760","Tantra Three","WHEEL OF TIME OR KALA CHAKRA","Eternal Life Through Yoga"
"761","Tantra Three","MEASUREMENT OF LIFE SPAN","Thus They Live Through Timeless Aeons"
"762","Tantra Three","MEASUREMENT OF LIFE SPAN","Worldly Thoughts do not Lead to Sakti"
"763","Tantra Three","MEASUREMENT OF LIFE SPAN","Worldly Wealth is Perishable"
"764","Tantra Three","MEASUREMENT OF LIFE SPAN","Treasure Within is imperishable"
"765","Tantra Three","MEASUREMENT OF LIFE SPAN","Seek Siva-State"
"766","Tantra Three","MEASUREMENT OF LIFE SPAN","Fruits of Seeking"
"767","Tantra Three","MEASUREMENT OF LIFE SPAN","Seek Lord Through Aum"
"768","Tantra Three","MEASUREMENT OF LIFE SPAN","Know Lord Within and Become One With Him"
"769","Tantra Three","MEASUREMENT OF LIFE SPAN","Way to Become One With Siva"
"770","Tantra Three","MEASUREMENT OF LIFE SPAN","Vision the Lord in the Seven Adhavas"
"771","Tantra Three","MEASUREMENT OF LIFE SPAN","Vision of Gods in Adharas"
"772","Tantra Three","MEASUREMENT OF LIFE SPAN","Measuring the Life-Span by observing breath"
"773","Tantra Three","MEASUREMENT OF LIFE SPAN","Transcend Nada and Realize God"
"774","Tantra Three","MEASUREMENT OF LIFE SPAN","Course Breath Upward and See Light of Jnana"
"775","Tantra Three","MEASUREMENT OF LIFE SPAN","Importance of Nadi Suddhi for Longevity"
"776","Tantra Three","MEASUREMENT OF LIFE SPAN","EXhalation Measure for Ages 80 and 60"
"777","Tantra Three","MEASUREMENT OF LIFE SPAN","Exhalation for Ages 50 and 33"
"778","Tantra Three","MEASUREMENT OF LIFE SPAN","Exhalation for Ages 28 and 25"
"779","Tantra Three","MEASUREMENT OF LIFE SPAN","Kumbhaka of Ten Matras Leads to Concentration"
"780","Tantra Three","MEASUREMENT OF LIFE SPAN","Effect of Ten-Matra Kumbhaka for Three Days"
"781","Tantra Three","BREATH RHYTHM IN DAYS OF THE WEEK","Vision of the First Three Adharas on the Fourth"
"782","Tantra Three","BREATH RHYTHM IN DAYS OF THE WEEK","Collective Vision of Five Adharas on the Fifteenth"
"783","Tantra Three","BREATH RHYTHM IN DAYS OF THE WEEK","Visions of the 20th, 25th and 26th Days"
"784","Tantra Three","BREATH RHYTHM IN DAYS OF THE WEEK","Visions of 27th and 28th Day"
"785","Tantra Three","BREATH RHYTHM IN DAYS OF THE WEEK","On the 29th Day and 30th Day"
"786","Tantra Three","BREATH RHYTHM IN DAYS OF THE WEEK","On the 3151 Day and 32nd Day"
"787","Tantra Three","BREATH RHYTHM IN DAYS OF THE WEEK","Jiva’s Union in God on 33rd Day"
"788","Tantra Three","HOSTILE WEEK DAYS","Greatness of Kundalini Yoga"
"789","Tantra Three","HOSTILE WEEK DAYS","God as Knowledge"
"790","Tantra Three","KECHAR! YOGA","Sakti Grants Grace"
"791","Tantra Three","KECHAR! YOGA","Nandi grants Eternal Wisdom"
"792","Tantra Three","KECHAR! YOGA","Days of the Week and the Course of Breath"
"793","Tantra Three","KECHAR! YOGA","Breath Rhythm For Glowing Health"
"794","Tantra Three","KECHAR! YOGA","Yogi Corrects the Breath Rhythm"
"795","Tantra Three","KECHAR! YOGA","Changing Rhythm on Sundays and Mondays in"
"796","Tantra Three","KECHAR! YOGA","How to Regulate When Breath Rhythm Changes"
"797","Tantra Three","KECHAR! YOGA","Yogi Who Regulates Breath Will See Finite Light"
"798","Tantra Three","KECHAR! YOGA","Choose Appropriate Time for Piercing Adharas"
"799","Tantra Three","KECHAR! YOGA","Directional Dangers in Days of the Week"
"800","Tantra Three","KECHAR! YOGA","Dangers None if Breath Runs High in Right"
"801","Tantra Three","KECHAR! YOGA","How to Practise it"
"802","Tantra Three","KECHAR! YOGA","Technique of Kechari Yoga"
"803","Tantra Three","KECHAR! YOGA","Immortality in Yoga Way"
"804","Tantra Three","KECHAR! YOGA","Nectar in Kechari Mudra"
"805","Tantra Three","KECHAR! YOGA","Vision of Gods in Kechari Mudra"
"806","Tantra Three","KECHAR! YOGA","Transform Fleshy Stream Into Heavenly Stream"
"807","Tantra Three","KECHAR! YOGA","Leakage of Restrained Breath Leads to Evil"
"808","Tantra Three","KECHAR! YOGA","Perfect Practice of Kechari Leads to Immortality"
"809","Tantra Three","KECHAR! YOGA","Erect Posture for Kechari Mudra"
"810","Tantra Three","KECHAR! YOGA","Chant Sivayanama as You Swill Nectar"
"811","Tantra Three","KECHAR! YOGA","A Cave Temple Within"
"812","Tantra Three","KECHAR! YOGA","God’s Attributes"
"813","Tantra Three","KECHAR! YOGA","God’s Abodes"
"814","Tantra Three","KECHAR! YOGA","He Sat Supreme"
"815","Tantra Three","PARIYANGA YOGA","in Praise of Sakti"
"816","Tantra Three","PARIYANGA YOGA","Guard Nectar From Flowing Out"
"817","Tantra Three","PARIYANGA YOGA","With Sakti Stood Siva"
"818","Tantra Three","PARIYANGA YOGA","` Prana Reaches Moon’s Region"
"819","Tantra Three","PARIYANGA YOGA","Practise Uddiyana Bandha"
"820","Tantra Three","PARIYANGA YOGA","When to do Uddiyana Bandha"
"821","Tantra Three","PARIYANGA YOGA","Open a Wicket Gate Within and See Light"
"822","Tantra Three","PARIYANGA YOGA","Inexplicable Experiences of Kechari Yoga"
"823","Tantra Three","PARIYANGA YOGA","Distant Vision of Five-Element Combination"
"824","Tantra Three","PARIYANGA YOGA","Nature of Distant Divine Vision"
"825","Tantra Three","PARIYANGA YOGA","Reach Nada Through. Kundalini"
"826","Tantra Three","PARIYANGA YOGA","Pleasures of Sex तप्ता Will Abide If Breath"
"827","Tantra Three","PARIYANGA YOGA","If Breath is Controlled Delicious Enjoyment Results"
"828","Tantra Three","PARIYANGA YOGA","Duration of Enjoyment Lengthens If Breath is"
"829","Tantra Three","PARIYANGA YOGA","Restraint of Semen Flow Through Breath Control"
"830","Tantra Three","PARIYANGA YOGA","Effect of Restraint of Semen Flow"
"831","Tantra Three","PARIYANGA YOGA","Sex Union Through the Pariyanga Lasts Five"
"832","Tantra Three","PARIYANGA YOGA","Successful Practitioners Alone Can Resort to"
"833","Tantra Three","PARIYANGA YOGA","Lord Siva Practised Pariyanga Yoga"
"834","Tantra Three","PARIYANGA YOGA","The Age of the Couple for Pariyanga Yoga"
"835","Tantra Three","A’ ‘URI DHARANA","Only Those Who.Have Practised Kechari Can"
"836","Tantra Three","A’ ‘URI DHARANA","Pariyanga Yogi is Exalied"
"837","Tantra Three","A’ ‘URI DHARANA","T—20"
"838","Tantra Three","A’ ‘URI DHARANA","Pariyanga Yoga is Yogic Wisdom That Retains"
"839","Tantra Three","A’ ‘URI DHARANA","Freedom From Sexual Union is Attained by"
"840","Tantra Three","A’ ‘URI DHARANA","‘Vision of Space in Pariyanga Yoga"
"841","Tantra Three","CHANDRA YOGA","Pariyanga Yoga was Expounded by Sadasiva to"
"842","Tantra Three","CHANDRA YOGA","immortality for Those Who Uniie in Sivasakti in"
"843","Tantra Three","CHANDRA YOGA","Yogis Offered Themselves Entire to God"
"844","Tantra Three","CHANDRA YOGA","Yoga Dispels Worldly Longings"
"845","Tantra Three","CHANDRA YOGA","Lotus Cranial"
"846","Tantra Three","CHANDRA YOGA","Effect of Urine Therapy in Yoga"
"847","Tantra Three","CHANDRA YOGA","Good Effects of Amuri Dharana"
"848","Tantra Three","CHANDRA YOGA","Consume 100 -- Pepper Measure (drops) a Day"
"849","Tantra Three","CHANDRA YOGA","Only the Ignorant Dissuade the Practice"
"850","Tantra Three","CHANDRA YOGA","Effect of Mixing Ingredients"
"851","Tantra Three","CHANDRA YOGA","Greatness of Amuri Dharana"
"852","Tantra Three","CHANDRA YOGA","When Breath Turns Subtle"
"853","Tantra Three","CHANDRA YOGA","Yogi Experiences Kalas of Moon, Sun and Fire -"
"854","Tantra Three","CHANDRA YOGA","Kalas of Fire Merge into Sun, Which in Turn"
"855","Tantra Three","CHANDRA YOGA","{3125 of Sun, Moon and Fire Enumerated"
"856","Tantra Three","CHANDRA YOGA","The Disparate Kalas Merge inte One"
"857","Tantra Three","CHANDRA YOGA","Kalas Enumerated in Total, Including Those of"
"858","Tantra Three","CHANDRA YOGA","Rouse All Kalas and Reach God"
"859","Tantra Three","CHANDRA YOGA","Nine Kalas of Nava Chakra"
"860","Tantra Three","CHANDRA YOGA","Constituents of Pranava"
"861","Tantra Three","CHANDRA YOGA","Mystery of Fifteen Kalas of Moon"
"862","Tantra Three","CHANDRA YOGA","Chandra Yoga Described"
"863","Tantra Three","CHANDRA YOGA","Know Sixteen Kalas Within the Body"
"864","Tantra Three","CHANDRA YOGA","In Chandra Yoga Jiva-Star Merges in Siva"
"865","Tantra Three","CHANDRA YOGA","Chandra Yoga in Kundalini Yoga"
"866","Tantra Three","CHANDRA YOGA","Practise Nadi Suddhi"
"867","Tantra Three","CHANDRA YOGA","The Aspirant Hears Nada Sound in all the Ninth"
"868","Tantra Three","CHANDRA YOGA","Beyond Nada Sphere is Lord"
"869","Tantra Three","CHANDRA YOGA","Knowledge of Aum Takes to Lord’s Presence"
"870","Tantra Three","CHANDRA YOGA","Greatness of Kundalini Yoga"
"871","Tantra Three","CHANDRA YOGA","Merging Moon’s Kalas in Kundalini"
"872","Tantra Three","CHANDRA YOGA","Kundalini Devours and Throws Out Moon"
"873","Tantra Three","CHANDRA YOGA","Time for Sleeping and Eating When Moon is Devoured by Kundalini"
"874","Tantra Three","CHANDRA YOGA","By Chandra Yoga Death is Conquered"
"875","Tantra Three","CHANDRA YOGA","The Yogi Sees Vision of Past, Present and Future"
"876","Tantra Three","CHANDRA YOGA","Moon Drops Out With 12 Kalas From Kundalini's Mouth"
"877","Tantra Three","CHANDRA YOGA","He Conquers Bindu"
"878","Tantra Three","CHANDRA YOGA","The Emitted Moon has 16 Kalas Ultimately"
"879","Tantra Three","CHANDRA YOGA","Sun's Kala in Sex Union"
"880","Tantra Three","CHANDRA YOGA","Effects of Chandra Yoga"
"881","Tantra Three","CHANDRA YOGA","Greatness of Chandra Yoga"
"882","Tantra Three","CHANDRA YOGA","Alternating Breath to Samadhi End"
"883","Tantra Three","CHANDRA YOGA","Benefits of Yoga"
"884","Tantra Four","AJAPA","The One-Letter Mantra of Our Lord"
"885","Tantra Four","AJAPA","Letters A, U and M"
"886","Tantra Four","AJAPA","Glory of Chidambaram"
"887","Tantra Four","AJAPA","Dances in the Golden Temple"
"888","Tantra Four","AJAPA","One Letter Aum is Divine Dance"
"889","Tantra Four","AJAPA","God is Letter A and U"
"890","Tantra Four","AJAPA","Variations of Namasivaya"
"891","Tantra Four","AJAPA","Letters A and U are Si and Va"
"892","Tantra Four","AJAPA","Letters Three — Si Va Ya"
"893","Tantra Four","AJAPA","Letters Two — A and U Became Five Letters"
"894","Tantra Four","AJAPA","Letters A and U are the Agamic Mantra"
"895","Tantra Four","AJAPA","Letters of Engrossing Purity"
"896","Tantra Four","AJAPA","Lord is All"
"897","Tantra Four","AJAPA","The Lord is Supreme"
"898","Tantra Four","AJAPA","Letters A and U are Feet of Lord"
"899","Tantra Four","AJAPA","The Two Became Several"
"900","Tantra Four","AJAPA","All Mantras Contained in Two-Letter Mantra"
"901","Tantra Four","AJAPA","Letters A and U are Tattva Dance"
"902","Tantra Four","AJAPA","The Dance Transforms Jiva Into Siva"
"903","Tantra Four","THIRU AMBALA CHAKRA","Sivaya Nama Purifies and Transforms Jiva"
"904","Tantra Four","THIRU AMBALA CHAKRA","How Tiru Ambala Chakra is Formed"
"905","Tantra Four","THIRU AMBALA CHAKRA","Chant Sivaya Nama and Behold Dance"
"906","Tantra Four","THIRU AMBALA CHAKRA","Chant Sivaya Nama in Silence"
"907","Tantra Four","THIRU AMBALA CHAKRA","Chant Sivaya Nama and Behold Golden Feet"
"908","Tantra Four","THIRU AMBALA CHAKRA","Chant Sivaya Nama and Attain Siddhis"
"909","Tantra Four","THIRU AMBALA CHAKRA","Chant Sivaya Nama and Enjoy Bliss of Siva"
"910","Tantra Four","THIRU AMBALA CHAKRA","Sivaya Nama are of the Life-Vowels Five and Seminal Sounds Five"
"911","Tantra Four","THIRU AMBALA CHAKRA","Two Letters Become Five Letters"
"912","Tantra Four","THIRU AMBALA CHAKRA","Dance Vowels Become Five Letter Mantra"
"913","Tantra Four","THIRU AMBALA CHAKRA","The Dance of Ruby"
"914","Tantra Four","THIRU AMBALA CHAKRA","How to Form the Chakra"
"915","Tantra Four","THIRU AMBALA CHAKRA","The Configuration of the 121 Lettered Chakra Diagram"
"916","Tantra Four","THIRU AMBALA CHAKRA","Say ""Hara Hara"" and End Birth Cycle"
"917","Tantra Four","THIRU AMBALA CHAKRA","The Significance of Letter ""Si"" in the Chakra"
"918","Tantra Four","THIRU AMBALA CHAKRA","Significance of Letter Om"
"919","Tantra Four","THIRU AMBALA CHAKRA","The Five Letters Manifest (Sthula) and Subtle (Sukshma)"
"920","Tantra Four","THIRU AMBALA CHAKRA","Letter Ma Central in Chakra With 25 Chambers"
"921","Tantra Four","THIRU AMBALA CHAKRA","The Yantra of Six Letters Om Na Ma Si Va Ya"
"922","Tantra Four","THIRU AMBALA CHAKRA","A Variation of the Six-Letter Yantra"
"923","Tantra Four","THIRU AMBALA CHAKRA","How the Five Letters are Filled in the 25-Chamber Chakra"
"924","Tantra Four","THIRU AMBALA CHAKRA","How the 51-Letter Chakra is Formed"
"925","Tantra Four","THIRU AMBALA CHAKRA","The Yantra for the Mantra Om Hari Hara"
"926","Tantra Four","THIRU AMBALA CHAKRA","Yantra Representing Lord's Abode"
"927","Tantra Four","THIRU AMBALA CHAKRA","The Yantra for Mula Chakra"
"928","Tantra Four","THIRU AMBALA CHAKRA","How to Fill in the Mula Chakra"
"929","Tantra Four","THIRU AMBALA CHAKRA","How to Chant Mula Chakra"
"930","Tantra Four","THIRU AMBALA CHAKRA","Sum Sauh Sivaya Nama"
"931","Tantra Four","THIRU AMBALA CHAKRA","Siva and Sakti Interchange Their Bija Mantra States"
"932","Tantra Four","THIRU AMBALA CHAKRA","Linga Chakra"
"933","Tantra Four","THIRU AMBALA CHAKRA","Au and Sau are Mantras of Siva-Sakti Union"
"934","Tantra Four","THIRU AMBALA CHAKRA","Panchakshara Chakra"
"935","Tantra Four","THIRU AMBALA CHAKRA","Chant Letter of Dance — Si"
"936","Tantra Four","THIRU AMBALA CHAKRA","Chant Om and Rouse Kundalini"
"937","Tantra Four","THIRU AMBALA CHAKRA","Chant ""Ma"" of Grace — Sakti"
"938","Tantra Four","THIRU AMBALA CHAKRA","Lord Revealed His First Letter ""Si"""
"939","Tantra Four","THIRU AMBALA CHAKRA","The Lord is Uncreated"
"940","Tantra Four","FOUR","Lord of Vedas in Letter-Five"
"941","Tantra Four","FOUR","Five-Letter Form of Siva"
"942","Tantra Four","FOUR","See Lord in Five-Letter"
"943","Tantra Four","FOUR","Power of Five-Letter Mantra"
"944","Tantra Four","FOUR","Vision Divine Dance"
"945","Tantra Four","FOUR","Fifty-One Letters are Five-Letters Also"
"946","Tantra Four","FOUR","Sivayanama"
"947","Tantra Four","FOUR","Five Letters are the Five Elements and Five Colors"
"948","Tantra Four","FOUR","Chakra Leads to Nandi's Grace"
"949","Tantra Four","FOUR","Significance of Chakra"
"950","Tantra Four","FOUR","Yantra for Siva Mantra"
"951","Tantra Four","FOUR","Three Ways of Chanting Panchakshara"
"952","Tantra Four","FOUR","Lord is in ""Aum"" Beyond Adharas"
"953","Tantra Four","FOUR","Chant Aum, Nandi Appears"
"954","Tantra Four","FOUR","Heavenly Letter Ends Birth"
"955","Tantra Four","FOUR","Mukti is When Aum Appears in Garland of Letters Within"
"956","Tantra Four","FOUR","Sakti and Siva are on the Mystic Letter Below the Navel"
"957","Tantra Four","FOUR","Ha(m)sa is Hara's Mantra"
"958","Tantra Four","FOUR","The Great Mantra Rises in the Heart"
"959","Tantra Four","FOUR","""Aum"" Mantra Sustains Life"
"960","Tantra Four","FOUR","Chant ""Om Sivaya Nama"""
"961","Tantra Four","FOUR","The Mantra is Oblation to Siva"
"962","Tantra Four","FOUR","Chant Aum and Be Redeemed"
"963","Tantra Four","FOUR","Garland of Fifty-One Letters"
"964","Tantra Four","FOUR","Sakti Expands as Fifty-One Letters"
"965","Tantra Four","FOUR","Fifty Letters Come to Five Letters"
"966","Tantra Four","FOUR","Five Letters is All"
"967","Tantra Four","FOUR","Chant His Name; He Beckons to You"
"968","Tantra Four","FOUR","Lord in His Five Letters"
"969","Tantra Four","FOUR","Chant Five Letters and Be Forever Young"
"970","Tantra Four","FOUR","As One-Letter Lord Pervades All"
"971","Tantra Four","FOUR","Chant Sakti's Letter Va"
"972","Tantra Four","FOUR","Chant Na Ma Si Va"
"973","Tantra Four","FOUR","Na Ma Si Va is Sakti Mantra"
"974","Tantra Four","FOUR","Lord Dances in the Five Letters"
"975","Tantra Four","FOUR","What ""Aum"" and ""Sivaya"" Stand For"
"976","Tantra Four","FOUR","Chant Om Na Ma Si Va"
"977","Tantra Four","FOUR","The Five Letters Can Control the Five Senses"
"978","Tantra Four","FOUR","Contemplate Si Va Ya"
"979","Tantra Four","FOUR","Si Va Ya Leads to Liberation"
"980","Tantra Four","FOUR","Five Letters are the Refuge"
"981","Tantra Four","FOUR","Aum Si Va Ya is Siva (as Form)"
"982","Tantra Four","FOUR","Chant Aum Si Va Ya Nama and Reach Lord"
"983","Tantra Four","FOUR","Chant Namasivaya and Vanquish Karmas; Chant Sivaya Nama and Be One With Sadasiva"
"984","Tantra Four","FOUR","Chanting ""Siva"" Takes You to Siva"
"985","Tantra Four","FOUR","Chant Aum and Win Senses"
"986","Tantra Four","FOUR","Aum Denotes Tattva Manifestations of Siva"
"987","Tantra Four","FOUR","Letter Six"
"988","Tantra Four","FOUR","Siva Chakra"
"989","Tantra Four","FOUR","Knowledge of Siva is Vast"
"990","Tantra Four","FOUR","Names of Siva"
"991","Tantra Four","FOUR","Mark and Chant"
"992","Tantra Four","FOUR","I Chanted Nama and Lord Appeared"
"993","Tantra Four","ARCHANA","Celestials Chant Lord's Name"
"994","Tantra Four","ARCHANA","Six Letters Aum are the Six Faiths and Savitri Mantra"
"995","Tantra Four","ARCHANA","Umapathi Chakra"
"996","Tantra Four","ARCHANA","Chant Om Na Ma Si Va Ya"
"997","Tantra Four","ARCHANA","Sthambana Chakra"
"998","Tantra Four","ARCHANA","Mohana Chakra"
"999","Tantra Four","ARCHANA","Uchchatana Chakra"
"1000","Tantra Four","ARCHANA","Marana Chakra"
"1001","Tantra Four","ARCHANA","Vasya Chakra"
"1002","Tantra Four","ARCHANA","Akarshana Chakra"
"1003","Tantra Four","ARCHANA","Flowers for Archana (Worship with Flowers)"
"1004","Tantra Four","ARCHANA","Fragrant Ingredients for Worship"
"1005","Tantra Four","NAVAGUNDAM (NINE SACRIFICIAL PITS)","Offer Oblations"
"1006","Tantra Four","NAVAGUNDAM (NINE SACRIFICIAL PITS)","Results of Worship"
"1007","Tantra Four","NAVAGUNDAM (NINE SACRIFICIAL PITS)","Constant Worship in Mansion of Mind"
"1008","Tantra Four","NAVAGUNDAM (NINE SACRIFICIAL PITS)","Kriya is Not Sought by Bhaktas, Yogis and Jnanis"
"1009","Tantra Four","NAVAGUNDAM (NINE SACRIFICIAL PITS)","Seek God the Jnana Way"
"1010","Tantra Four","NAVAGUNDAM (NINE SACRIFICIAL PITS)","Jnana Dispels Heart's Darkness"
"1011","Tantra Four","NAVAGUNDAM (NINE SACRIFICIAL PITS)","Jnana Alone Leads to Union in God"
"1012","Tantra Four","NAVAGUNDAM (NINE SACRIFICIAL PITS)","Where Om and Other Letters Rise"
"1013","Tantra Four","NAVAGUNDAM (NINE SACRIFICIAL PITS)","Be Rid of Na and Ma"
"1014","Tantra Four","NAVAGUNDAM (NINE SACRIFICIAL PITS)","Visions in the Seventh, Eighth, Eleventh and Twelfth Centers"
"1015","Tantra Four","NAVAGUNDAM (NINE SACRIFICIAL PITS)","The Nine Sacrificial Pits are Blessed"
"1016","Tantra Four","NAVAGUNDAM (NINE SACRIFICIAL PITS)","Shapes of Sacrificial Pits"
"1017","Tantra Four","NAVAGUNDAM (NINE SACRIFICIAL PITS)","Pervasiveness of Kundalini Fire"
"1018","Tantra Four","NAVAGUNDAM (NINE SACRIFICIAL PITS)","Power of Sacrificial Fire"
"1019","Tantra Four","NAVAGUNDAM (NINE SACRIFICIAL PITS)","The Sixteen Kalas are in the Sacred Fire"
"1020","Tantra Four","NAVAGUNDAM (NINE SACRIFICIAL PITS)","The Glow of the Triangular Pit"
"1021","Tantra Four","NAVAGUNDAM (NINE SACRIFICIAL PITS)","Holy Effects of Sacrificial Fire"
"1022","Tantra Four","NAVAGUNDAM (NINE SACRIFICIAL PITS)","Sakti Affirms Sacredness of Sacrificial Fire"
"1023","Tantra Four","NAVAGUNDAM (NINE SACRIFICIAL PITS)","With Fire in Pit Kundalini Fire Also Shot Forth"
"1024","Tantra Four","NAVAGUNDAM (NINE SACRIFICIAL PITS)","Sacrificial Fire Reaches Dancing Siva"
"1025","Tantra Four","NAVAGUNDAM (NINE SACRIFICIAL PITS)","Sacrificial Fire is Siva Himself"
"1026","Tantra Four","NAVAGUNDAM (NINE SACRIFICIAL PITS)","God Kanda Arose Out of Lord's Fire"
"1027","Tantra Four","NAVAGUNDAM (NINE SACRIFICIAL PITS)","When Lord is Visioned in Ajna (Eye-Brow Centre)"
"1028","Tantra Four","NAVAGUNDAM (NINE SACRIFICIAL PITS)","Lord is Light Divine"
"1029","Tantra Four","NAVAGUNDAM (NINE SACRIFICIAL PITS)","The Hexagonal Sacrificial Pit Witthin"
"1030","Tantra Four","NAVAGUNDAM (NINE SACRIFICIAL PITS)","Form of Sacrificial God"
"1031","Tantra Four","NAVAGUNDAM (NINE SACRIFICIAL PITS)","But He is Endless"
"1032","Tantra Four","NAVAGUNDAM (NINE SACRIFICIAL PITS)","Sacrificial Fire Outside Kindles Kundalini Fire Inside"
"1033","Tantra Four","NAVAGUNDAM (NINE SACRIFICIAL PITS)","Form of Siva-Sakti in Sacrificial Fire"
"1034","Tantra Four","NAVAGUNDAM (NINE SACRIFICIAL PITS)","Kundalini Fire Blazes with Sacrificial Fire"
"1035","Tantra Four","SAKTI-BHEDA—TIRIPURAI CHAKRA","Seek Him Through Inner Fire"
"1036","Tantra Four","SAKTI-BHEDA—TIRIPURAI CHAKRA","Unite in Him Through Kundalini Fire"
"1037","Tantra Four","SAKTI-BHEDA—TIRIPURAI CHAKRA","Celestials Reached Lord Through Jnana Sacrifices"
"1038","Tantra Four","SAKTI-BHEDA—TIRIPURAI CHAKRA","Siva's Form in Sacrificial Fire"
"1039","Tantra Four","SAKTI-BHEDA—TIRIPURAI CHAKRA","As Sacrificial Fire Blazed High"
"1040","Tantra Four","SAKTI-BHEDA—TIRIPURAI CHAKRA","Sacrificial Fire Pervaded Macrocosm; Kundalini Fire Pervaded Microcosm"
"1041","Tantra Four","SAKTI-BHEDA—TIRIPURAI CHAKRA","Hold Sacrificial Fire As Guru"
"1042","Tantra Four","SAKTI-BHEDA—TIRIPURAI CHAKRA","Tend Kundalini Fire and Live Long"
"1043","Tantra Four","SAKTI-BHEDA—TIRIPURAI CHAKRA","Kundalini Fire is Parallel to Sacrificial Fire"
"1044","Tantra Four","SAKTI-BHEDA—TIRIPURAI CHAKRA","Shapes of Nine Sacrificial Pits"
"1045","Tantra Four","SAKTI-BHEDA—TIRIPURAI CHAKRA","The Inner Meaning of Six-Pointed Chakra"
"1046","Tantra Four","SAKTI-BHEDA—TIRIPURAI CHAKRA","Manifestations of Tiripurai"
"1047","Tantra Four","SAKTI-BHEDA—TIRIPURAI CHAKRA","Blessings of Tiripurai"
"1048","Tantra Four","SAKTI-BHEDA—TIRIPURAI CHAKRA","Tiripurai Grants Grace and Jnana"
"1049","Tantra Four","SAKTI-BHEDA—TIRIPURAI CHAKRA","Tiripurai's Form"
"1050","Tantra Four","SAKTI-BHEDA—TIRIPURAI CHAKRA","Tiripurai as Chandika"
"1051","Tantra Four","SAKTI-BHEDA—TIRIPURAI CHAKRA","Tiripurai is Seated on Lotus"
"1052","Tantra Four","SAKTI-BHEDA—TIRIPURAI CHAKRA","Tiripurai is Atom Within Atom"
"1053","Tantra Four","SAKTI-BHEDA—TIRIPURAI CHAKRA","Nothing Except Her"
"1054","Tantra Four","SAKTI-BHEDA—TIRIPURAI CHAKRA","What the Wise Say of Her"
"1055","Tantra Four","SAKTI-BHEDA—TIRIPURAI CHAKRA","Tiripurai is Everywhere"
"1056","Tantra Four","SAKTI-BHEDA—TIRIPURAI CHAKRA","Tiripurai is Power That Sustains"
"1057","Tantra Four","SAKTI-BHEDA—TIRIPURAI CHAKRA","She is Support for Devotee's Jnana"
"1058","Tantra Four","SAKTI-BHEDA—TIRIPURAI CHAKRA","Tiripurai Hold Dear in Heart"
"1059","Tantra Four","SAKTI-BHEDA—TIRIPURAI CHAKRA","Paraparai With Ten Faces Creates and Moves All"
"1060","Tantra Four","SAKTI-BHEDA—TIRIPURAI CHAKRA","Tiripurai is Mistress of World"
"1061","Tantra Four","SAKTI-BHEDA—TIRIPURAI CHAKRA","She Merged in My Heart"
"1062","Tantra Four","BHAIRAVI MANTRA","She is Way to Jnana"
"1063","Tantra Four","BHAIRAVI MANTRA","Adore Her as Siva-Sakti"
"1064","Tantra Four","BHAIRAVI MANTRA","Her Glance Purified My Heart"
"1065","Tantra Four","BHAIRAVI MANTRA","She is Cause of Cause"
"1066","Tantra Four","BHAIRAVI MANTRA","She Holds the Book of Knowledge"
"1067","Tantra Four","BHAIRAVI MANTRA","Adore Her in Song"
"1068","Tantra Four","BHAIRAVI MANTRA","Primal Virgin"
"1069","Tantra Four","BHAIRAVI MANTRA","Chant Her Name and See Past Present and Future"
"1070","Tantra Four","BHAIRAVI MANTRA","She Pervades the Sixteen Kalas"
"1071","Tantra Four","BHAIRAVI MANTRA","Grace Transforms"
"1072","Tantra Four","BHAIRAVI MANTRA","Tiripurai Manifested as Varahi"
"1073","Tantra Four","BHAIRAVI MANTRA","Tiripurai as Creative Force"
"1074","Tantra Four","BHAIRAVI MANTRA","Herself Uncreated, She is Source of Creation"
"1075","Tantra Four","BHAIRAVI MANTRA","Fourteen Mantras"
"1076","Tantra Four","BHAIRAVI MANTRA","Bhairavi is Maha Sakti"
"1077","Tantra Four","BHAIRAVI MANTRA","Meditate on Her and Become Light Radiant"
"1078","Tantra Four","BHAIRAVI MANTRA","Meditate on Her for 27 Days"
"1079","Tantra Four","BHAIRAVI MANTRA","Worship Bhairavi and Be With Siva"
"1080","Tantra Four","BHAIRAVI MANTRA","Worship Bhairavi for 27 Days; Her Trident Blesses"
"1081","Tantra Four","BHAIRAVI MANTRA","Bhairavi's Form"
"1082","Tantra Four","BHAIRAVI MANTRA","Bhairavi Further Described"
"1083","Tantra Four","BHAIRAVI MANTRA","Bhairavi Glows in Rapture"
"1084","Tantra Four","BHAIRAVI MANTRA","How Bhairavi is Seated"
"1085","Tantra Four","BHAIRAVI MANTRA","She Sustains All Worlds"
"1086","Tantra Four","BHAIRAVI MANTRA","She is in Mani Mantra Yoga"
"1087","Tantra Four","BHAIRAVI MANTRA","She is Supreme Cause"
"1088","Tantra Four","BHAIRAVI MANTRA","She is End of Vedas"
"1089","Tantra Four","BHAIRAVI MANTRA","Mudra for Japa"
"1090","Tantra Four","BHAIRAVI MANTRA","Nandi Laid Down Laws of Japa"
"1091","Tantra Four","BHAIRAVI MANTRA","She is in Kundalini Yoga"
"1092","Tantra Four","BHAIRAVI MANTRA","Chant Hridaya Mantra and Sikha Mantra"
"1093","Tantra Four","BHAIRAVI MANTRA","Perform Nyasa, Kavacha and Mudra"
"1094","Tantra Four","BHAIRAVI MANTRA","Sula Mudra"
"1095","Tantra Four","BHAIRAVI MANTRA","Chant ''Sam''"
"1096","Tantra Four","BHAIRAVI MANTRA","Devi is in Conch Mudra"
"1097","Tantra Four","BHAIRAVI MANTRA","She in the Heart of Pure Ones"
"1098","Tantra Four","BHAIRAVI MANTRA","Sakti is Supreme Energy"
"1099","Tantra Four","BHAIRAVI MANTRA","Triple Blessings of Bhairavi"
"1100","Tantra Four","BHAIRAVI MANTRA","She Reveals Siva"
"1101","Tantra Four","BHAIRAVI MANTRA","How She Redeems"
"1102","Tantra Four","BHAIRAVI MANTRA","She Assumes Manifold Forms"
"1103","Tantra Four","BHAIRAVI MANTRA","Adore Her and Be Liberated"
"1104","Tantra Four","BHAIRAVI MANTRA","She Enters the Heart in Endearment"
"1105","Tantra Four","BHAIRAVI MANTRA","She Cleanses the Heart"
"1106","Tantra Four","BHAIRAVI MANTRA","She Slumbers in the Heart"
"1107","Tantra Four","BHAIRAVI MANTRA","She Made Me Slumber No More"
"1108","Tantra Four","BHAIRAVI MANTRA","She Contained Desires"
"1109","Tantra Four","BHAIRAVI MANTRA","She Consoles in Soft Speech"
"1110","Tantra Four","PURNA SAKTI","She is Awesome"
"1111","Tantra Four","PURNA SAKTI","She is Kala Radiant"
"1112","Tantra Four","PURNA SAKTI","She Sought Siva in Mount Meru Within"
"1113","Tantra Four","PURNA SAKTI","She United in Siva in Cranium Cavity"
"1114","Tantra Four","PURNA SAKTI","She is Transcendental End"
"1115","Tantra Four","PURNA SAKTI","She Dispelled Thoughts of Celestial Status"
"1116","Tantra Four","PURNA SAKTI","She Grants Mukti to tried Devotees"
"1117","Tantra Four","PURNA SAKTI","She Stands in Mind, Heart and Intellect"
"1118","Tantra Four","PURNA SAKTI","The Virgin Bore the Five Gods"
"1119","Tantra Four","PURNA SAKTI","Truth is Bliss"
"1120","Tantra Four","PURNA SAKTI","She Blossoms in Prayerful Heart"
"1121","Tantra Four","PURNA SAKTI","She is Kindred of Jiva"
"1122","Tantra Four","PURNA SAKTI","She Severs Karma"
"1123","Tantra Four","PURNA SAKTI","She is Beginningless"
"1124","Tantra Four","PURNA SAKTI","She is of Kalas Twelve"
"1125","Tantra Four","PURNA SAKTI","I Measured All"
"1126","Tantra Four","PURNA SAKTI","Meditate on Muladhara"
"1127","Tantra Four","PURNA SAKTI","Indriya, Jiva, Siva and Sakti — All United"
"1128","Tantra Four","PURNA SAKTI","How United"
"1129","Tantra Four","PURNA SAKTI","Siva and Sakti are the Real Father and Mother"
"1130","Tantra Four","PURNA SAKTI","The Mother of Jnana Decides Life-Span"
"1131","Tantra Four","PURNA SAKTI","When Egoity Disappears"
"1132","Tantra Four","PURNA SAKTI","She Illumines the Moon Within"
"1133","Tantra Four","PURNA SAKTI","When Grace Dawns Jnana Arises"
"1134","Tantra Four","PURNA SAKTI","Seek Her and Transcend Time and Age"
"1135","Tantra Four","PURNA SAKTI","Beyond Bindu and Nada, She is"
"1136","Tantra Four","PURNA SAKTI","Parasakti Evolves into Jnana and Ichcha"
"1137","Tantra Four","PURNA SAKTI","Siva Was One With Sakti in Primal Act of Creation"
"1138","Tantra Four","PURNA SAKTI","Sakti Devolves into Bindu and Nada"
"1139","Tantra Four","PURNA SAKTI","Sakti is in Siva and in Jiva"
"1140","Tantra Four","PURNA SAKTI","The Yogis See Lord"
"1141","Tantra Four","SUPPORT-SUPPORTED","She is on the Flower of Cosmos and Flower of Heart"
"1142","Tantra Four","SUPPORT-SUPPORTED","Worlds Move in Sakti's Way"
"1143","Tantra Four","SUPPORT-SUPPORTED","Sakti is Kundalini Within"
"1144","Tantra Four","SUPPORT-SUPPORTED","Lotuses of Sakti"
"1145","Tantra Four","SUPPORT-SUPPORTED","Sakti Pervades All Adharas"
"1146","Tantra Four","SUPPORT-SUPPORTED","As Prana Reaches Sakti in Ajna Ambrosia Flows"
"1147","Tantra Four","SUPPORT-SUPPORTED","Sakti Daily Prays to the Lord"
"1148","Tantra Four","SUPPORT-SUPPORTED","Sakti's Pervasiveness"
"1149","Tantra Four","SUPPORT-SUPPORTED","Sakti's Omnipotence"
"1150","Tantra Four","SUPPORT-SUPPORTED","She Drives Away Death"
"1151","Tantra Four","SUPPORT-SUPPORTED","She Uproots Karmas"
"1152","Tantra Four","SUPPORT-SUPPORTED","She Dispels Illusory Fame"
"1153","Tantra Four","SUPPORT-SUPPORTED","She Created All Life"
"1154","Tantra Four","SUPPORT-SUPPORTED","Siva and Sakti Together Grant Grace and Liberation"
"1155","Tantra Four","SUPPORT-SUPPORTED","Sakti is the Support of Adharas"
"1156","Tantra Four","SUPPORT-SUPPORTED","Sakti is Support-All"
"1157","Tantra Four","SUPPORT-SUPPORTED","Follow The Mother of Divine Light"
"1158","Tantra Four","SUPPORT-SUPPORTED","Siva Arises in Sakti"
"1159","Tantra Four","SUPPORT-SUPPORTED","From Female Arises Male"
"1160","Tantra Four","SUPPORT-SUPPORTED","As Siva-Sakti She is in My Heart"
"1161","Tantra Four","SUPPORT-SUPPORTED","Siva-Sakti is Support-All"
"1162","Tantra Four","SUPPORT-SUPPORTED","Siva Stood Entwined With Sakti"
"1163","Tantra Four","SUPPORT-SUPPORTED","She Entered My Sentience"
"1164","Tantra Four","SUPPORT-SUPPORTED","She is of Unconquerable Powers"
"1165","Tantra Four","SUPPORT-SUPPORTED","He is All"
"1166","Tantra Four","SUPPORT-SUPPORTED","The Humans Who Reach Her are Above Gods"
"1167","Tantra Four","SUPPORT-SUPPORTED","Omniscience and Omnipresence of Sakti"
"1168","Tantra Four","SUPPORT-SUPPORTED","Parasakti is in the Cranium"
"1169","Tantra Four","SUPPORT-SUPPORTED","She is Multiformed, Praised in Vyamala Agama"
"1170","Tantra Four","SUPPORT-SUPPORTED","She is Kriya Sakti, Bhoga Sakti and Parasakti"
"1171","Tantra Four","SUPPORT-SUPPORTED","Sakti's Union in Bhoga was Yoga"
"1172","Tantra Four","SUPPORT-SUPPORTED","Yoga Sakti Described"
"1173","Tantra Four","SUPPORT-SUPPORTED","In Siva-Sakti Union Maya, Bindu and Nada Arise"
"1174","Tantra Four","SUPPORT-SUPPORTED","Further Evolutes of Sakti"
"1175","Tantra Four","SUPPORT-SUPPORTED","Worship of Vidya Chakra"
"1176","Tantra Four","SUPPORT-SUPPORTED","She is Pervasive All"
"1177","Tantra Four","SUPPORT-SUPPORTED","Universe is Her Abode"
"1178","Tantra Four","SUPPORT-SUPPORTED","Sakti is Mother, Daughter and Spouse"
"1179","Tantra Four","SUPPORT-SUPPORTED","She is Cause and Caused"
"1180","Tantra Four","SUPPORT-SUPPORTED","She is Eternal"
"1181","Tantra Four","SUPPORT-SUPPORTED","She is Non-separate From Siva"
"1182","Tantra Four","SUPPORT-SUPPORTED","She is Jnana in Jiva"
"1183","Tantra Four","SUPPORT-SUPPORTED","She Drew Me into Divine Rapture"
"1184","Tantra Four","SUPPORT-SUPPORTED","Bhoga Maha Sakti Confers Grace From Within"
"1185","Tantra Four","SUPPORT-SUPPORTED","She Entered in Union Wondrous and Abiding"
"1186","Tantra Four","SUPPORT-SUPPORTED","Adore Her and Vanquish Fate"
"1187","Tantra Four","SUPPORT-SUPPORTED","She Ascends the Three Spheres"
"1188","Tantra Four","SUPPORT-SUPPORTED","Nada Arises in Moon's Sphere and Reaches the Heart Centre"
"1189","Tantra Four","SUPPORT-SUPPORTED","She Abides in Moon's Sphere, Changeless"
"1190","Tantra Four","SUPPORT-SUPPORTED","There She Abides"
"1191","Tantra Four","SUPPORT-SUPPORTED","In Siva-Sakti Union Arose the Five Gods"
"1192","Tantra Four","SUPPORT-SUPPORTED","Kundalini Subsides in Sakti"
"1193","Tantra Four","SUPPORT-SUPPORTED","Piercing Chakras, Primal Mantra Arises"
"1194","Tantra Four","SUPPORT-SUPPORTED","Sakti's Attributes"
"1195","Tantra Four","SUPPORT-SUPPORTED","She Pervades the Three Spheres"
"1196","Tantra Four","SUPPORT-SUPPORTED","She is the Vine from Visuddha to Sahasrara"
"1197","Tantra Four","SUPPORT-SUPPORTED","When Ambrosia Flows"
"1198","Tantra Four","SUPPORT-SUPPORTED","How Yoga Sakti was Seated"
"1199","Tantra Four","SUPPORT-SUPPORTED","Yoga True Path to Mukti"
"1200","Tantra Four","SUPPORT-SUPPORTED","On Whom She Confers Her Grace"
"1201","Tantra Four","SUPPORT-SUPPORTED","Way to Enter Samadhi"
"1202","Tantra Four","SUPPORT-SUPPORTED","In Samadhi, Sakti is in Moon's Sphere"
"1203","Tantra Four","SUPPORT-SUPPORTED","Reach Siva Through Adhara Sakti"
"1204","Tantra Four","SUPPORT-SUPPORTED","Conquer Karmas By Devotion to Sakti"
"1205","Tantra Four","SUPPORT-SUPPORTED","Worship Sakti and Attain Siva's Attributes"
"1206","Tantra Four","SUPPORT-SUPPORTED","In Loving Constancy Reach Sakti"
"1207","Tantra Four","SUPPORT-SUPPORTED","Meet Her Through Sushumna"
"1208","Tantra Four","SUPPORT-SUPPORTED","All Gods Beseech Her"
"1209","Tantra Four","SUPPORT-SUPPORTED","She Dances as Jnana in Sushumna"
"1210","Tantra Four","SUPPORT-SUPPORTED","Pervasiveness of SivaSakti"
"1211","Tantra Four","SUPPORT-SUPPORTED","Sakti With Siva in Sahasrara"
"1212","Tantra Four","SUPPORT-SUPPORTED","Worship Sakti in Yoga Way"
"1213","Tantra Four","SUPPORT-SUPPORTED","Chant Na Ma Si Va"
"1214","Tantra Four","SUPPORT-SUPPORTED","She is Immanent as Kala"
"1215","Tantra Four","SUPPORT-SUPPORTED","She is Immanent in All"
"1216","Tantra Four","SUPPORT-SUPPORTED","She is Pervasive Everywhere"
"1217","Tantra Four","SUPPORT-SUPPORTED","She is Siva's Half"
"1218","Tantra Four","SUPPORT-SUPPORTED","She Stood Beyond Tattvas Thirty-Six"
"1219","Tantra Four","SUPPORT-SUPPORTED","She Created Kala Beings"
"1220","Tantra Four","SUPPORT-SUPPORTED","She Dwells in Adharas"
"1221","Tantra Four","SUPPORT-SUPPORTED","The Adharas Get Enlivened"
"1222","Tantra Four","SUPPORT-SUPPORTED","Sakti Blesses"
"1223","Tantra Four","SUPPORT-SUPPORTED","Sakti Appears in Eye-Brow Centre"
"1224","Tantra Four","SUPPORT-SUPPORTED","She is Paraparai"
"1225","Tantra Four","SUPPORT-SUPPORTED","Her Blessing Leads to Union in Siva"
"1226","Tantra Four","SUPPORT-SUPPORTED","Meditate on Aum in Cranium Top"
"1227","Tantra Four","SUPPORT-SUPPORTED","She Appears as Wisdom Subtle"
"1228","Tantra Four","SUPPORT-SUPPORTED","Jnana Way is True Way"
"1229","Tantra Four","SUPPORT-SUPPORTED","Sakti is Mistress of Sanmarga"
"1230","Tantra Four","SUPPORT-SUPPORTED","Source — Knowledge of Mukti"
"1231","Tantra Four","SUPPORT-SUPPORTED","Seek Sakti and Conquer Fate"
"1232","Tantra Four","SUPPORT-SUPPORTED","She is Conqueror Supreme"
"1233","Tantra Four","SUPPORT-SUPPORTED","Sakti and Siva are in Letters Fifty-One"
"1234","Tantra Four","SUPPORT-SUPPORTED","Jnana Through Letters Fifty-One"
"1235","Tantra Four","SUPPORT-SUPPORTED","She Stood as Ambrosia in Sahasrara"
"1236","Tantra Four","SUPPORT-SUPPORTED","She is Stellar Brilliance"
"1237","Tantra Four","SUPPORT-SUPPORTED","Meet Sakti and Attain Jnana"
"1238","Tantra Four","SUPPORT-SUPPORTED","She Appears in the Form Conceived by Devotees"
"1239","Tantra Four","SUPPORT-SUPPORTED","She Transcends Human Knowledge"
"1240","Tantra Four","EROL] CHAKRAM (CHAKRA OF SUPREME LIGHT)","Leave Her Not"
"1241","Tantra Four","EROL] CHAKRAM (CHAKRA OF SUPREME LIGHT)","You Will Attain Supreme State"
"1242","Tantra Four","EROL] CHAKRAM (CHAKRA OF SUPREME LIGHT)","Worship Siva-Sakti and be Worshipped by Celestials"
"1243","Tantra Four","EROL] CHAKRAM (CHAKRA OF SUPREME LIGHT)","Sakti Worship is Siva Worship"
"1244","Tantra Four","EROL] CHAKRAM (CHAKRA OF SUPREME LIGHT)","Adore Parasakti Who Holds Parapara"
"1245","Tantra Four","EROL] CHAKRAM (CHAKRA OF SUPREME LIGHT)","Goddess of Wealth Will Bow"
"1246","Tantra Four","EROL] CHAKRAM (CHAKRA OF SUPREME LIGHT)","Follow Her and Be Rid of Anava"
"1247","Tantra Four","EROL] CHAKRAM (CHAKRA OF SUPREME LIGHT)","Siva is Contained in Sakti"
"1248","Tantra Four","EROL] CHAKRAM (CHAKRA OF SUPREME LIGHT)","Baffling Mystery of Siva-Sakti Union"
"1249","Tantra Four","EROL] CHAKRAM (CHAKRA OF SUPREME LIGHT)","Siva-Sakti Union is for Creation"
"1250","Tantra Four","EROL] CHAKRAM (CHAKRA OF SUPREME LIGHT)","Sakti's Grace from Siva Worship"
"1251","Tantra Four","EROL] CHAKRAM (CHAKRA OF SUPREME LIGHT)","Lord's Feet are the Refuge"
"1252","Tantra Four","EROL] CHAKRAM (CHAKRA OF SUPREME LIGHT)","Accessibility of Sakti"
"1253","Tantra Four","EROL] CHAKRAM (CHAKRA OF SUPREME LIGHT)","Sakti Fashions Body-Home and Heavenly Home"
"1254","Tantra Four","EROL] CHAKRAM (CHAKRA OF SUPREME LIGHT)","Adore and Be With Siva-Sakti"
"1255","Tantra Four","EROL] CHAKRAM (CHAKRA OF SUPREME LIGHT)","From Nada In Muladhara Rises Eroli Chakra"
"1256","Tantra Four","EROL] CHAKRAM (CHAKRA OF SUPREME LIGHT)","Letters in the Chakra Have Great Power"
"1257","Tantra Four","EROL] CHAKRAM (CHAKRA OF SUPREME LIGHT)","How Chakra is Formed"
"1258","Tantra Four","EROL] CHAKRAM (CHAKRA OF SUPREME LIGHT)","Earth Chakra"
"1259","Tantra Four","EROL] CHAKRAM (CHAKRA OF SUPREME LIGHT)","Cosmos Chakra Expanded into Five Elements"
"1260","Tantra Four","EROL] CHAKRAM (CHAKRA OF SUPREME LIGHT)","Elements Earth and Water"
"1261","Tantra Four","EROL] CHAKRAM (CHAKRA OF SUPREME LIGHT)","Beyond Appeared Elements Fire, Wind and Sky"
"1262","Tantra Four","EROL] CHAKRAM (CHAKRA OF SUPREME LIGHT)","Letter for Sky is Ha (m)"
"1263","Tantra Four","EROL] CHAKRAM (CHAKRA OF SUPREME LIGHT)","Sun Chakra"
"1264","Tantra Four","EROL] CHAKRAM (CHAKRA OF SUPREME LIGHT)","Letters of Siva-Sakti and Kundalini"
"1265","Tantra Four","EROL] CHAKRAM (CHAKRA OF SUPREME LIGHT)","The 144 Letters of the Radiant Chakra"
"1266","Tantra Four","EROL] CHAKRAM (CHAKRA OF SUPREME LIGHT)","Mystic Moon Sphere Visioned"
"1267","Tantra Four","EROL] CHAKRAM (CHAKRA OF SUPREME LIGHT)","Time Measured by Sun Within and Without"
"1268","Tantra Four","EROL] CHAKRAM (CHAKRA OF SUPREME LIGHT)","Duration of Day, Month and Year"
"1269","Tantra Four","EROL] CHAKRAM (CHAKRA OF SUPREME LIGHT)","Group Distribution of Rasis in Zodiac"
"1270","Tantra Four","EROL] CHAKRAM (CHAKRA OF SUPREME LIGHT)","How Rasi Chakra is Formed"
"1271","Tantra Four","EROL] CHAKRAM (CHAKRA OF SUPREME LIGHT)","Formation of Taraka Stellar Chakra"
"1272","Tantra Four","EROL] CHAKRAM (CHAKRA OF SUPREME LIGHT)","Taraka Chakra is the Support of Sakti"
"1273","Tantra Four","EROL] CHAKRAM (CHAKRA OF SUPREME LIGHT)","In That Chakra Arises Dark Smoky Flame"
"1274","Tantra Four","EROL] CHAKRAM (CHAKRA OF SUPREME LIGHT)","That Flame Pervaded the Five Elements"
"1275","Tantra Four","EROL] CHAKRAM (CHAKRA OF SUPREME LIGHT)","From That Arose Universe Based on Bindu"
"1276","Tantra Four","EROL] CHAKRAM (CHAKRA OF SUPREME LIGHT)","Bindu and Nada Produce Bija"
"1277","Tantra Four","BHAIRAVA CHAKRA","Bija — Causal and Caused"
"1278","Tantra Four","BHAIRAVA CHAKRA","Bindu Drawn in Visuddha Becomes Seed of Liberation"
"1279","Tantra Four","BHAIRAVA CHAKRA","From Bindu-Seed Bija Evolved All"
"1280","Tantra Four","BHAIRAVA CHAKRA","Fifty Letters Evolved From Bindu and Nada"
"1281","Tantra Four","BHAIRAVA CHAKRA","Pranava is the Mantra Supreme with its Seat in Eye-Brow Centre"
"1282","Tantra Four","BHAIRAVA CHAKRA","Pranava Vision is Obtained When Egoity Falls Back"
"1283","Tantra Four","SAMBHAVI MANDALA CHAKRA","Vision Pranava in the Chakra"
"1284","Tantra Four","SAMBHAVI MANDALA CHAKRA","Siva's Letter and Sakti's Letter in Pranava Chakra"
"1285","Tantra Four","SAMBHAVI MANDALA CHAKRA","Pranava Expands into Six Letter Mantra Aum Na Ma Si Va Ya"
"1286","Tantra Four","SAMBHAVI MANDALA CHAKRA","Sakti is the Presiding Deity of Six Letter Mantra"
"1287","Tantra Four","SAMBHAVI MANDALA CHAKRA","Siddhis Come of Their Own Accord"
"1288","Tantra Four","SAMBHAVI MANDALA CHAKRA","How to Meditate on the Six-Lettered Chakra"
"1289","Tantra Four","SAMBHAVI MANDALA CHAKRA","How it is Meditated for Worldly Purposes"
"1290","Tantra Four","SAMBHAVI MANDALA CHAKRA","Chant Nama in Love; You Shall be Light"
"1291","Tantra Four","SAMBHAVI MANDALA CHAKRA","Days Appropriate for Bhairava Chakra Worship"
"1292","Tantra Four","SAMBHAVI MANDALA CHAKRA","Bhairava Destroys Your Enemy"
"1293","Tantra Four","BHUVANAPATHI CHAKRA","Bhairava's Form"
"1294","Tantra Four","BHUVANAPATHI CHAKRA","Adore Bhairava Sincerely"
"1295","Tantra Four","BHUVANAPATHI CHAKRA","The Way of Bhairava Worship"
"1296","Tantra Four","BHUVANAPATHI CHAKRA","Wishes Fulfilled by Bhairava Worship"
"1297","Tantra Four","BHUVANAPATHI CHAKRA","How to Form It"
"1298","Tantra Four","BHUVANAPATHI CHAKRA","Formation of Sambhavi Chakra"
"1299","Tantra Four","BHUVANAPATHI CHAKRA","Sambhavi Chakra Formation"
"1300","Tantra Four","BHUVANAPATHI CHAKRA","Chant Five Letters as Form of Fifty-One Letters"
"1301","Tantra Four","BHUVANAPATHI CHAKRA","Chant Aum Sivaya Nama and Conquer Death"
"1302","Tantra Four","BHUVANAPATHI CHAKRA","Blessings of Sambhavi"
"1303","Tantra Four","BHUVANAPATHI CHAKRA","Proceed the Way of Five Letters"
"1304","Tantra Four","BHUVANAPATHI CHAKRA","Blessings of Sambhavi Worship"
"1305","Tantra Four","NAVAKKARI CHAKRA","Sambhavi's Form"
"1306","Tantra Four","NAVAKKARI CHAKRA","Sakti Blesses"
"1307","Tantra Four","NAVAKKARI CHAKRA","Fifteen Letters of the Chakra"
"1308","Tantra Four","NAVAKKARI CHAKRA","Meditate on the (Double) Triangular Chakra"
"1309","Tantra Four","NAVAKKARI CHAKRA","When Siva Becomes Yoga Guru, Parasakti Assumes Eight Forms"
"1310","Tantra Four","NAVAKKARI CHAKRA","The Eight Saktis Reunite in Yoga"
"1311","Tantra Four","NAVAKKARI CHAKRA","How to Prepare the Double-Triangle Yantra"
"1312","Tantra Four","NAVAKKARI CHAKRA","How to Place the Mantra Letters in the Yantra"
"1313","Tantra Four","NAVAKKARI CHAKRA","More Mantra Letters"
"1314","Tantra Four","NAVAKKARI CHAKRA","With Further Mantra Letters Complete the Yantra"
"1315","Tantra Four","NAVAKKARI CHAKRA","Worship of Yantra"
"1316","Tantra Four","NAVAKKARI CHAKRA","Evoke Bhuvaneswari's Form"
"1317","Tantra Four","NAVAKKARI CHAKRA","Puja Ritual"
"1318","Tantra Four","NAVAKKARI CHAKRA","Pray to Yantra Raja"
"1319","Tantra Four","NAVAKKARI CHAKRA","The Nine Letters of Navakkari Become Eighty-One"
"1320","Tantra Four","NAVAKKARI CHAKRA","The Nine Mantras:"
"1321","Tantra Four","NAVAKKARI CHAKRA","Navakkari Mantra Confers All Blessings"
"1322","Tantra Four","NAVAKKARI CHAKRA","Blessings of Navakkari Mantra"
"1323","Tantra Four","NAVAKKARI CHAKRA","Earthly Gifts of Chakra"
"1324","Tantra Four","NAVAKKARI CHAKRA","First Round
Chant From Srim to Klim on Chakra"
"1325","Tantra Four","NAVAKKARI CHAKRA","Srim Sakti a Golden Flower of Smoky Hue"
"1326","Tantra Four","NAVAKKARI CHAKRA","Srim Sakti Confers Name, Fame and Immortality"
"1327","Tantra Four","NAVAKKARI CHAKRA","Srim Sakti Confers Blessings Several"
"1328","Tantra Four","NAVAKKARI CHAKRA","You Will Reach Siva by Worship of Srim Sakti"
"1329","Tantra Four","NAVAKKARI CHAKRA","Second Round
Chant Hrim Commencing and Srim Ending"
"1330","Tantra Four","NAVAKKARI CHAKRA","Seek Hrim Sakti Constant; Your Face will Glow"
"1331","Tantra Four","NAVAKKARI CHAKRA","Seek Hrim Sakti; the Rulers Will Be With You"
"1332","Tantra Four","NAVAKKARI CHAKRA","Reach Holy Feet of Hrim Sakti"
"1333","Tantra Four","NAVAKKARI CHAKRA","Chant Hrim Sakti's Name in Silence With Flowers"
"1334","Tantra Four","NAVAKKARI CHAKRA","Third Round
Chant Aim to Hrim"
"1335","Tantra Four","NAVAKKARI CHAKRA","Aim Sakti .(Vageswari) Will Appear"
"1336","Tantra Four","NAVAKKARI CHAKRA","Hold the Chakra in the Tongue; Vageswari Lends Great Powers"
"1337","Tantra Four","NAVAKKARI CHAKRA","Future Will Worship Aim Sakti; One of Unalloyed Joy"
"1338","Tantra Four","NAVAKKARI CHAKRA","You Will Master All Learning"
"1339","Tantra Four","NAVAKKARI CHAKRA","Chant Gaum to Aim"
"1340","Tantra Four","NAVAKKARI CHAKRA","Adore Gaum Sakti and Be Blessed"
"1341","Tantra Four","NAVAKKARI CHAKRA","Supreme Powers Conferred on the Gaum Sakti Sadhaka"
"1342","Tantra Four","NAVAKKARI CHAKRA","Gaum Sakti is Mother of All"
"1343","Tantra Four","NAVAKKARI CHAKRA","Remain Close to Gaum Sakti"
"1344","Tantra Four","NAVAKKARI CHAKRA","Fifth Round
Chant Krim to Gaum"
"1345","Tantra Four","NAVAKKARI CHAKRA","Blessings of Prosperity by Krim sakti (Para sakti)"
"1346","Tantra Four","NAVAKKARI CHAKRA","Kings Shall Respect the Sadhaka of Krim Sakti"
"1347","Tantra Four","NAVAKKARI CHAKRA","The Sadhaka Shines Bright"
"1348","Tantra Four","NAVAKKARI CHAKRA","Ignorance Dies by Worship of Krim Sakti"
"1349","Tantra Four","NAVAKKARI CHAKRA","Sixth Round
Chant From Hau(m) to Krim"
"1350","Tantra Four","NAVAKKARI CHAKRA","Sadasiva Sakti (Haum) Immanent in All"
"1351","Tantra Four","NAVAKKARI CHAKRA","Immanence of (Haum) Sakti Further Elaborated"
"1352","Tantra Four","NAVAKKARI CHAKRA","Well May We See Haum Sakti"
"1353","Tantra Four","NAVAKKARI CHAKRA","Haum Sakti's Pervasiveness"
"1354","Tantra Four","NAVAKKARI CHAKRA","Seventh Round
Chant Au(m) to Hau(m)"
"1355","Tantra Four","NAVAKKARI CHAKRA","Meditate on Amudheswari(Aum Sakti)"
"1356","Tantra Four","NAVAKKARI CHAKRA","Consciousness of Time and Space Lost"
"1357","Tantra Four","NAVAKKARI CHAKRA","Transcendental State of Consciousness of Sadhaka in Aum Sakti"
"1358","Tantra Four","NAVAKKARI CHAKRA","Aum Sakti Appears as Light"
"1359","Tantra Four","NAVAKKARI CHAKRA","Eighth Round
Chant From Saum to Aum"
"1360","Tantra Four","NAVAKKARI CHAKRA","Saum Sakti is Supreme Jnana"
"1361","Tantra Four","NAVAKKARI CHAKRA","Saum Sakti is All"
"1362","Tantra Four","NAVAKKARI CHAKRA","She is in the Throat Centre Too"
"1363","Tantra Four","NAVAKKARI CHAKRA","The Ignorant Know Not Saum Sakti's Greatness"
"1364","Tantra Four","NAVAKKARI CHAKRA","How to Form the 81-Squared Navakkari Chakra"
"1365","Tantra Four","NAVAKKARI CHAKRA","Coloring the Chakra"
"1366","Tantra Four","NAVAKKARI CHAKRA","Worship of the Chakra"
"1367","Tantra Four","NAVAKKARI CHAKRA","Effect of the Chakra Worship"
"1368","Tantra Four","NAVAKKARI CHAKRA","Smear Chakra With Nine Perfumes"
"1369","Tantra Four","NAVAKKARI CHAKRA","Chant Mantra a Thousand Thousand Times"
"1370","Tantra Four","NAVAKKARI CHAKRA","Ninth Round
Chant Klim to Begin; Sakti Appears"
"1371","Tantra Four","NAVAKKARI CHAKRA","Klim Sakti's Appearance in Chakra"
"1372","Tantra Four","NAVAKKARI CHAKRA","Form of Klim Sakti in the Chakra"
"1373","Tantra Four","NAVAKKARI CHAKRA","Sound and Light Appear in the Chakra"
"1374","Tantra Four","NAVAKKARI CHAKRA","Klim Sakti Leads You to the Great Way"
"1375","Tantra Four","NAVAKKARI CHAKRA","Klim Sakti; She is the Light of the World"
"1376","Tantra Four","NAVAKKARI CHAKRA","Klim Sakti's Form"
"1377","Tantra Four","NAVAKKARI CHAKRA","Klim Sakti Alone Grants Grace"
"1378","Tantra Four","NAVAKKARI CHAKRA","Srim Sakti
Srim Sakti is Surrounded by Sixty Saktis."
"1379","Tantra Four","NAVAKKARI CHAKRA","Effect of One Year Meditation on Srim in the Chakra"
"1380","Tantra Four","NAVAKKARI CHAKRA","Srim Sakti is in Muladhara"
"1381","Tantra Four","NAVAKKARI CHAKRA","Hrim Sakti is Surrounded by Fifty-Six Saktis"
"1382","Tantra Four","NAVAKKARI CHAKRA","Hrim Sakti's Form"
"1383","Tantra Four","NAVAKKARI CHAKRA","Effect of Five Years Chanting Hrim Sakti"
"1384","Tantra Four","NAVAKKARI CHAKRA","Heavenly Light Arises From Hrim in Chakra"
"1385","Tantra Four","NAVAKKARI CHAKRA","Light Within Will Appear"
"1386","Tantra Four","NAVAKKARI CHAKRA","Aim Sakti is Seated in Navel Centre"
"1387","Tantra Four","NAVAKKARI CHAKRA","Aim Sakti is Vageswari"
"1388","Tantra Four","NAVAKKARI CHAKRA","Aim Sakti's Form"
"1389","Tantra Four","NAVAKKARI CHAKRA","Aim Sakti is Surrounded by Fifty-Two Saktis"
"1390","Tantra Four","NAVAKKARI CHAKRA","Effect of Aim Sakti Worship for One Year"
"1391","Tantra Four","NAVAKKARI CHAKRA","Gaum (Tattva Nayaki) Sakti is Seated in Heart Centre"
"1392","Tantra Four","NAVAKKARI CHAKRA","Gaum Sakti's Form"
"1393","Tantra Four","NAVAKKARI CHAKRA","How Gaum Sakti was Attired"
"1394","Tantra Four","NAVAKKARI CHAKRA","Gaum Sakti is Surrounded by Forty-Eight Saktis and Eight Vestal Virgins"
"1395","Tantra Four","NAVAKKARI CHAKRA","Perform Kundalini Yoga Before Gaum Sakti"
"1396","Tantra Four","NAVAKKARI CHAKRA","Krim Sakti is in Sun's Sphere"
"1397","Tantra Four","NAVAKKARI CHAKRA","Krim Sakti's Form"
"1398","Tantra Four","NAVAKKARI CHAKRA","Weapons of Krim Sakti"
"1399","Tantra Four","NAVAKKARI CHAKRA","She is Surrounded by Forty-Four Saktis"
"1400","Tantra Four","NAVAKKARI CHAKRA","Krim Sakti as a Girl"
"1401","Tantra Four","NAVAKKARI CHAKRA","Effect of Worshipping Krim Sakti"
"1402","Tantra Four","NAVAKKARI CHAKRA","Haum Sakti (Sadasiva Nayaki) — in Ajna Centre"
"1403","Tantra Four","NAVAKKARI CHAKRA","Haum Sakti's Form"
"1404","Tantra Four","NAVAKKARI CHAKRA","Haum Sakti is Surrounded by Forty Saktis and Forty Vestal Virgins"
"1405","Tantra Four","NAVAKKARI CHAKRA","Practise Kundalini Before Haum Sakti"
"1406","Tantra Four","NAVAKKARI CHAKRA","Aum Sakti Arose as Sivayanama"
"1407","Tantra Four","NAVAKKARI CHAKRA","Form of Amudeswari (Aum) Sakti in Moon Sphere"
"1408","Tantra Four","NAVAKKARI CHAKRA","Aum Sakti Described"
"1409","Tantra Four","NAVAKKARI CHAKRA","Aum Sakti is Surrounded by 36 Saktis and 36 Vestal Virgins"
"1410","Tantra Four","NAVAKKARI CHAKRA","Practise Kundalini for a Year"
"1411","Tantra Four","NAVAKKARI CHAKRA","Effect of Worship of Aum Sakti"
"1412","Tantra Four","NAVAKKARI CHAKRA","Saum Sakti in Sahasrara"
"1413","Tantra Four","NAVAKKARI CHAKRA","Saum Sakti is Maiden Innocence"
"1414","Tantra Four","NAVAKKARI CHAKRA","Saum Sakti is of Surpassing Beauty"
"1415","Tantra Four","NAVAKKARI CHAKRA","Saum Sakti is Surrounded by 32 Saktis and 32 Vestal Virgins"
"1416","Tantra Four","NAVAKKARI CHAKRA","Saum Sakti Appeared in Me"
"1417","Tantra Four","NAVAKKARI CHAKRA","Lord Alone is the Refuge"
"1418","Tantra Four","NAVAKKARI CHAKRA","Jiva Chakra of 64 Chambers"
"1419","Tantra Five","SUDDHA SAIVAM","Four Paths of Saivam"
"1420","Tantra Five","SUDDHA SAIVAM","School of Suddha-Saivam"
"1421","Tantra Five","SUDDHA SAIVAM","Suddha Saivam is Saiva Siddhanta"
"1422","Tantra Five","ASUDDHA SAIVAM","Suddha Siddhanta is Vedanta"
"1423","Tantra Five","ASUDDHA SAIVAM","Path of Chariya-Kriya"
"1424","Tantra Five","ASUDDHA SAIVAM","Path of Dvadasa Marga Saivam (Yoga)"
"1425","Tantra Five","ASUDDHA SAIVAM","Pure Suddha Saivam (Jnana)"
"1426","Tantra Five","SAN MARGA SAIVAM","Characteristics of Jnani"
"1427","Tantra Five","SAN MARGA SAIVAM","Jnana Path is for Suddha Saivam"
"1428","Tantra Five","SAN MARGA SAIVAM","Greatness of Jnani in Suddha Saivam"
"1429","Tantra Five","SAN MARGA SAIVAM","Conclusions of Suddha Saivam ."
"1430","Tantra Five","SAN MARGA SAIVAM","Doctrine of Grace in Suddha Saivam"
"1431","Tantra Five","SAN MARGA SAIVAM","Sakti’s Grace for Jnani in Suddha Saivam"
"1432","Tantra Five","SAN MARGA SAIVAM","Suddha Saiva Strategy"
"1433","Tantra Five","SAN MARGA SAIVAM","Vision of Suddha Saivam Path"
"1434","Tantra Five","SAN MARGA SAIVAM","Way of Jnani"
"1435","Tantra Five","SAN MARGA SAIVAM","Vedanta and Siddhanta"
"1436","Tantra Five","SAN MARGA SAIVAM","God is Beyond Reach of Pasu and Pasa"
"1437","Tantra Five","SAN MARGA SAIVAM","Siddhanta is to Unite With Siva"
"1438","Tantra Five","RIGOROUS SUDDHA SAIVAM","Suddha Saivam Defined"
"1439","Tantra Five","RIGOROUS SUDDHA SAIVAM","Teachings of Siddhanta School"
"1440","Tantra Five","RIGOROUS SUDDHA SAIVAM","Goal of Suddha Saivas is to be One With Siva"
"1441","Tantra Five","RIGOROUS SUDDHA SAIVAM","I and You Difference Effaced"
"1442","Tantra Five","RIGOROUS SUDDHA SAIVAM","When This Truth Dawns Then is Union in Siva"
"1443","Tantra Five","CHARIYA","Chariya is Breath of Suddha Saivam"
"1444","Tantra Five","CHARIYA","dnana, Yoga, Kriya and Chariya Defined"
"1445","Tantra Five","CHARIYA","Temple Worship Essential to Chariya"
"1446","Tantra Five","CHARIYA","Ways of Those Who Follow the Four Paths"
"1447","Tantra Five","CHARIYA","Goals of the Four Paths"
"1448","Tantra Five","CHARIYA","Worship in the Four Paths"
"1449","Tantra Five","CHARIYA","The Four Paths Were Revealed by Nandi"
"1450","Tantra Five","CHARIYA","Ordination Rites for the Four Paths"
"1451","Tantra Five","KRIYA","God is Everywhere — Seek Him"
"1452","Tantra Five","KRIYA","True Worship is Worship Within"
"1453","Tantra Five","KRIYA","Bhakti Begets Grace"
"1454","Tantra Five","KRIYA","Bhakti’s End is Lord’s Abode"
"1455","Tantra Five","KRIYA","The Four Paths are the Steps in the Ladder to"
"1456","Tantra Five","KRIYA","Daily 1 Beseech His Grace"
"1457","Tantra Five","YOGA","Yoga Way Leads to Realization"
"1458","Tantra Five","YOGA","God is Timeless Eternity"
"1459","Tantra Five","YOGA","Yogi Realizes God Within"
"1460","Tantra Five","YOGA","Seek God Within You"
"1461","Tantra Five","YOGA","Yoga Shows the Way"
"1462","Tantra Five","YOGA","Fruits of Yoga"
"1463","Tantra Five","YOGA","Do’s and Don’ts in Yoga"
"1464","Tantra Five","YOGA","Fall and Redemption Through Yoga"
"1465","Tantra Five","YOGA","Sub-divisions in Yoga"
"1466","Tantra Five","YOGA","Stages of Initiation in the Yoga Path"
"1467","Tantra Five","JNANA","Jnana Path Most Exalted"
"1468","Tantra Five","JNANA","Jnani Transcends Nada"
"1469","Tantra Five","JNANA","Stages of Attainment Through Jnana"
"1470","Tantra Five","JNANA","Unitive Attainment of Jnani"
"1471","Tantra Five","JNANA","Jnana is Life-Boat"
"1472","Tantra Five","JNANA","Jnani Becomes Light Divine"
"1473","Tantra Five","JNANA","Jnani’s Attainments are Unique"
"1474","Tantra Five","JNANA","Attainments at Four Jnana Stages"
"1475","Tantra Five","JNANA","dnani Attains Unitive Wisdom in the Absolute"
"1476","Tantra Five","JNANA","Initiation Rites in Jnana"
"1477","Tantra Five","SANMARGA (PATH OF KNOWLEDGE)","San Marga"
"1478","Tantra Five","SANMARGA (PATH OF KNOWLEDGE)","Nandi Showed Sanmarga Path"
"1479","Tantra Five","SANMARGA (PATH OF KNOWLEDGE)","Guru-Adoration is Sanmarga"
"1480","Tantra Five","SANMARGA (PATH OF KNOWLEDGE)","Sanmarga Gives the Vision True"
"1481","Tantra Five","SANMARGA (PATH OF KNOWLEDGE)","Sanmarga Leads to Supreme Grace-Bliss"
"1482","Tantra Five","SANMARGA (PATH OF KNOWLEDGE)","Greatness of Sanmargis"
"1483","Tantra Five","SANMARGA (PATH OF KNOWLEDGE)","Sanmarga Path Purest"
"1484","Tantra Five","SANMARGA (PATH OF KNOWLEDGE)","Other Three Paths Open of Themselves"
"1485","Tantra Five","SANMARGA (PATH OF KNOWLEDGE)","Sanmargi’s Vision"
"1486","Tantra Five","SANMARGA (PATH OF KNOWLEDGE)","‘Sanmarga Leads to Svarupa State"
"1487","Tantra Five","SANMARGA (PATH OF KNOWLEDGE)","Sanmarga is The Only Path to Finite Goal"
"1488","Tantra Five","SAHAMARGA (PATH OF YOGA)","Sanmarga is Sahamarga"
"1489","Tantra Five","SAHAMARGA (PATH OF YOGA)","Without Sahamarga They Lost All"
"1490","Tantra Five","SAHAMARGA (PATH OF YOGA)","Fruits of Yoga Samadhi"
"1491","Tantra Five","SAHAMARGA (PATH OF YOGA)","Yoga Confers Blessings of, Here and Hereafter"
"1492","Tantra Five","SAHAMARGA (PATH OF YOGA)","Yoga Leads to Supreme Awareness"
"1493","Tantra Five","SAHAMARGA (PATH OF YOGA)","Siva is in Yogi’s Thought"
"1494","Tantra Five","SAHAMARGA (PATH OF YOGA)","Love the Basis of Yoga"
"1495","Tantra Five","SATPUTRA MARGA (PATH OF KRIYA)","Path of Filial Piety Leads to Jnana"
"1496","Tantra Five","SATPUTRA MARGA (PATH OF KRIYA)","What Constitutes Kriya Path"
"1497","Tantra Five","SATPUTRA MARGA (PATH OF KRIYA)","All Nature Seeks Flowers: Why Not You?"
"1498","Tantra Five","SATPUTRA MARGA (PATH OF KRIYA)","Lord is Our Defence and Refuge"
"1499","Tantra Five","SATPUTRA MARGA (PATH OF KRIYA)","Adore Lord in Diverse Ways;, He Shall Be Yours"
"1500","Tantra Five","SATPUTRA MARGA (PATH OF KRIYA)","Approach Lord Through Kriya Path"
"1501","Tantra Five","SATPUTRA MARGA (PATH OF KRIYA)","Kriya Comes of Chariya"
"1502","Tantra Five","DASA MARGA (PATH OF DEVOTION)","Ways of Dasamarga"
"1503","Tantra Five","DASA MARGA (PATH OF DEVOTION)","Hold Fast to Chariya Path"
"1504","Tantra Five","DASA MARGA (PATH OF DEVOTION)","All Worship Began From Chariya"
"1505","Tantra Five","DASA MARGA (PATH OF DEVOTION)","Lord Appears in Love Entwined"
"1506","Tantra Five","DASA MARGA (PATH OF DEVOTION)","Be of Love and See the Lord"
"1507","Tantra Five","SALOKAM (IN GOD’S WORLD)","Successive Stages to Final Beatitude"
"1508","Tantra Five","SALOKAM (IN GOD’S WORLD)","The Four Ordinations in Kriya Worship"
"1509","Tantra Five","SAMIPAM (IN GOD’S PROXIMITY)","Transformation of World-Knowledge"
"1510","Tantra Five","SARUPAM (IN GOD’S FORM)","Only Jnana-in-Yoga Leads to Sarupa State"
"1511","Tantra Five","SARUPAM (IN GOD’S FORM)","Sarupa State by Nearness to God"
"1512","Tantra Five","SAYUJYAM (ONE IN GOD)","Stages in the Soul’s Pilgrimage"
"1513","Tantra Five","SAYUJYAM (ONE IN GOD)","Sayujyam"
"1514","Tantra Five","SATHINIPADAM (DESCENT OF GRACE)","Wooing of the Soul by the Goddess of Grace"
"1515","Tantra Five","SATHINIPADAM (DESCENT OF GRACE)","The infinite Ground of Sakti’s Descent"
"1516","Tantra Five","SATHINIPADAM (DESCENT OF GRACE)","Arul Sakti Helps Attain Liberation"
"1517","Tantra Five","SATHINIPADAM (DESCENT OF GRACE)","Grace Illumines"
"1518","Tantra Five","MANDATARAM (SLOW PACE)","Grace Leads Soul Through Successive Stages"
"1519","Tantra Five","MANDATARAM (SLOW PACE)","Descent of Grace Snaps Cycle of Births"
"1520","Tantra Five","MANDATARAM (SLOW PACE)","Lord is Soul’s Redeemer"
"1521","Tantra Five","MANDATARAM (SLOW PACE)","Siva and Sakti are One and Same"
"1522","Tantra Five","MANDATARAM (SLOW PACE)","Vision of Sakti and Siva in Union"
"1523","Tantra Five","TIVIRAM (RAPID PACE)","Fruit of Grace"
"1524","Tantra Five","TIVIRAM (RAPID PACE)","They That Adore Sakti Shall Be Granted Things"
"1525","Tantra Five","TIVIRAM (RAPID PACE)","Light of Grace Illumines the Path of Devotee"
"1526","Tantra Five","TIVIRAM (RAPID PACE)","Lord Draws Near When Grace Visits"
"1527","Tantra Five","TEEVIRA TARAM (MORE RAPID PACE)","When Grace Descends as Guru"
"1528","Tantra Five","TEEVIRA TARAM (MORE RAPID PACE)","How to Win the Goddess of Grace"
"1529","Tantra Five","TEEVIRA TARAM (MORE RAPID PACE)","Inner Light of Grace"
"1530","Tantra Five","A CRITIQUE OF FORMAL RELIGIONS)","The Six Faiths Avail Not"
"1531","Tantra Five","A CRITIQUE OF FORMAL RELIGIONS)","Formal Faiths Know not God Within"
"1532","Tantra Five","A CRITIQUE OF FORMAL RELIGIONS)","Existence of God is an Act of Faith"
"1533","Tantra Five","A CRITIQUE OF FORMAL RELIGIONS)","God is Beyond All Formal Faiths"
"1534","Tantra Five","A CRITIQUE OF FORMAL RELIGIONS)","God Can Be Reached Only by Devotion"
"1535","Tantra Five","A CRITIQUE OF FORMAL RELIGIONS)","The Six Faiths Sought not Freedom from Pasas"
"1536","Tantra Five","A CRITIQUE OF FORMAL RELIGIONS)","Path of Siva Leads to Final Liberation"
"1537","Tantra Five","A CRITIQUE OF FORMAL RELIGIONS)","The False Paths Lead not to Param"
"1538","Tantra Five","A CRITIQUE OF FORMAL RELIGIONS)","Contending Faiths Do Not Help"
"1539","Tantra Five","A CRITIQUE OF FORMAL RELIGIONS)","To Attain the Supreme Goal"
"1540","Tantra Five","A CRITIQUE OF FORMAL RELIGIONS)","God is Distant and Near"
"1541","Tantra Five","A CRITIQUE OF FORMAL RELIGIONS)","The End of Seeking"
"1542","Tantra Five","A CRITIQUE OF FORMAL RELIGIONS)","Lord and Nandi are One"
"1543","Tantra Five","A CRITIQUE OF FORMAL RELIGIONS)","God is Within You; and Yet Far Away"
"1544","Tantra Five","A CRITIQUE OF FORMAL RELIGIONS)","Precious is Hara’s Path"
"1545","Tantra Five","A CRITIQUE OF FORMAL RELIGIONS)","God is Beyond All Religions"
"1546","Tantra Five","A CRITIQUE OF FORMAL RELIGIONS)","True and False Faiths"
"1547","Tantra Five","A CRITIQUE OF FORMAL RELIGIONS)","Definition of Truth Path"
"1548","Tantra Five","A CRITIQUE OF FORMAL RELIGIONS)","Worldly Path is not True Path"
"1549","Tantra Five","A CRITIQUE OF FORMAL RELIGIONS)","True Path Leads Straight to Lord’s Presence"
"1550","Tantra Five","NIRACHARAM (DISSENSION REFUTED)","Who Attained Divine Tranquillity"
"1551","Tantra Five","NIRACHARAM (DISSENSION REFUTED)","Worship Siva and Siva Become"
"1552","Tantra Five","NIRACHARAM (DISSENSION REFUTED)","Worship Brings Immortal Life"
"1553","Tantra Five","NIRACHARAM (DISSENSION REFUTED)","Lord is Like Gentle Rain"
"1554","Tantra Five","NIRACHARAM (DISSENSION REFUTED)","Lord Guides the Boat of Life"
"1555","Tantra Five","NIRACHARAM (DISSENSION REFUTED)","Lord is Within You"
"1556","Tantra Five","NIRACHARAM (DISSENSION REFUTED)","Who Pursued False Faiths"
"1557","Tantra Five","INNER FAITHS","Lord Pervades All Six Inner Faiths"
"1558","Tantra Five","INNER FAITHS","All Faiths Lead but to Lord"
"1559","Tantra Five","INNER FAITHS","Come, Stand Apart and Seek the Lord"
"1560","Tantra Five","INNER FAITHS","“*You Are He’’ — Is the Teaching of the ‘True"
"1561","Tantra Five","INNER FAITHS","The True Path is Through Kundalini"
"1562","Tantra Five","INNER FAITHS","Lord Ever Guides"
"1563","Tantra Five","INNER FAITHS","Siva Path is Proven Path"
"1564","Tantra Five","INNER FAITHS","Vision of Light Effulgent in Saiva Path"
"1565","Tantra Five","INNER FAITHS","Vision Through Saiva Path"
"1566","Tantra Five","INNER FAITHS","Adoration of Siva is Bliss"
"1567","Tantra Five","INNER FAITHS","Saiva Path was Laid by Holy Nandi"
"1568","Tantra Five","INNER FAITHS","Attune to Infinity"
"1569","Tantra Five","INNER FAITHS","Siva is Inclusive of Jiva"
"1570","Tantra Five","INNER FAITHS","Lord is Beginning and End"
"1571","Tantra Five","INNER FAITHS","The Path of Siva Leads to Bliss"
"1572","Tantra Five","INNER FAITHS","Macrocosm in Microcasm — A Mystery"
"1573","Tantra Six","DARSHAN OF SIVA GURU","The Holy Guru is God Himself"
"1574","Tantra Six","DARSHAN OF SIVA GURU","Power of The Guru Presence"
"1575","Tantra Six","DARSHAN OF SIVA GURU","Attainments Through Guru’s Grace"
"1576","Tantra Six","DARSHAN OF SIVA GURU","Guru-Siva Parallelism"
"1577","Tantra Six","DARSHAN OF SIVA GURU","Compassionate Acts of Holy Guru"
"1578","Tantra Six","DARSHAN OF SIVA GURU","Discerning Holy Guru"
"1579","Tantra Six","DARSHAN OF SIVA GURU","All Good Attainable With Guru’s Grace"
"1580","Tantra Six","DARSHAN OF SIVA GURU","Siva Guru Like Siva Grants Supreme Liberation"
"1581","Tantra Six","DARSHAN OF SIVA GURU","Guru God Identity"
"1582","Tantra Six","DARSHAN OF SIVA GURU","Think of Siva and Be Siva"
"1583","Tantra Six","DARSHAN OF SIVA GURU","Nandi is Peerless Luminosity"
"1584","Tantra Six","DARSHAN OF SIVA GURU","Things That Flow From Guru’s Grace"
"1585","Tantra Six","DARSHAN OF SIVA GURU","Jnana Easy With Sakti’s Grace"
"1586","Tantra Six","DARSHAN OF SIVA GURU","When God Reveals Himself"
"1587","Tantra Six","DARSHAN OF SIVA GURU","Siva Jnana Leads to Sivananda"
"1588","Tantra Six","DARSHAN OF SIVA GURU","How Tirumular Ended Birth Cycle"
"1589","Tantra Six","DARSHAN OF SIVA GURU","How Tirumular Met the Lord"
"1590","Tantra Six","GRACE OF GURU’S FEET","Guru Blesses With His Hand on My Head"
"1591","Tantra Six","GRACE OF GURU’S FEET","Grace of Feet is Kingdom Won"
"1592","Tantra Six","GRACE OF GURU’S FEET","Guru is God in Human Form"
"1593","Tantra Six","GRACE OF GURU’S FEET","Guru United Me in Sivam"
"1594","Tantra Six","GRACE OF GURU’S FEET","Gurupara Worked for My Redemption"
"1595","Tantra Six","GRACE OF GURU’S FEET","How Guru Transformed Jiva Into Siva"
"1596","Tantra Six","GRACE OF GURU’S FEET","Guru’s Acts of Grace Beyond Description"
"1597","Tantra Six","GRACE OF GURU’S FEET","Master Nandi Ended My Birth-Cycle"
"1598","Tantra Six","GRACE OF GURU’S FEET","Greatness of Jnana of Holy Feet"
"1599","Tantra Six","GRACE OF GURU’S FEET","When True Enlightenment Comes"
"1600","Tantra Six","GRACE OF GURU’S FEET","Grace of Feet Granted Soul’s Liberation"
"1601","Tantra Six","GRACE OF GURU’S FEET","Grace of Feet Exceeds Kingly Greatness"
"1602","Tantra Six","GRACE OF GURU’S FEET","Truth of Hallowed Feet is End of Vedas"
"1603","Tantra Six","GRACE OF GURU’S FEET","Lord’s Feet is Goal of the Pure"
"1604","Tantra Six","GRACE OF GURU’S FEET","Lord’s Feet is All"
"1605","Tantra Six","KNOWER, KNOWLEDGE AND. KNOWN)","Goal of Sivananda is Ambrosial Bliss"
"1606","Tantra Six","KNOWER, KNOWLEDGE AND. KNOWN)","Knower—Knowledge—Known Relationship"
"1607","Tantra Six","KNOWER, KNOWLEDGE AND. KNOWN)","You and he"
"1608","Tantra Six","KNOWER, KNOWLEDGE AND. KNOWN)","Nandi Redeemed Me in Jneya"
"1609","Tantra Six","KNOWER, KNOWLEDGE AND. KNOWN)","Knowledge and Ignorance"
"1610","Tantra Six","KNOWER, KNOWLEDGE AND. KNOWN)","Wonders Nandi Showed"
"1611","Tantra Six","KNOWER, KNOWLEDGE AND. KNOWN)","Mauna’s Emanations"
"1612","Tantra Six","KNOWER, KNOWLEDGE AND. KNOWN)","Sunder Bonds of Birth at Feet of Guru"
"1613","Tantra Six","KNOWER, KNOWLEDGE AND. KNOWN)","In Jneya is the Primal Form of the Spirit"
"1614","Tantra Six","RENUNCIATION","God is Reached by Renunciation:"
"1615","Tantra Six","RENUNCIATION","Renunciation Leads to Light: _"
"1616","Tantra Six","RENUNCIATION","The Renunciate Lord Sunders Birth Bonds"
"1617","Tantra Six","RENUNCIATION","The Renunciate Shall Walk along the Straight"
"1618","Tantra Six","RENUNCIATION","Stand Steadfast.in the Goal of Tapas"
"1619","Tantra Six","RENUNCIATION","When ‘Grace Blossoms, Tapas 068565"
"1620","Tantra Six","RENUNCIATION","Liberation is for the Renunciate Alone"
"1621","Tantra Six","RENUNCIATION","When Distractions of Senses Cease"
"1622","Tantra Six","RENUNCIATION","None Knows How He. Comes"
"1623","Tantra Six","RENUNCIATION","The Yogi Espied the Mystic Flower in the"
"1624","Tantra Six","TAPAS","Blessings of the Placid Mind"
"1625","Tantra Six","TAPAS","Only the Blessed Know Greatness of Tapas"
"1626","Tantra Six","TAPAS","Tapasvin Ends Birth"
"1627","Tantra Six","TAPAS","Tapasvins Remain Impervious to Temptations"
"1628","Tantra Six","TAPAS","Only Tapasvins Can Approach Lord"
"1629","Tantra Six","TAPAS","When Mind Reaches Lord, He Reveals"
"1630","Tantra Six","TAPAS","Tapas Alone is Imperishable Wealth"
"1631","Tantra Six","TAPAS","Inward Look of Tapas Ends Birth"
"1632","Tantra Six","TAPAS","When Tapas is Needed"
"1633","Tantra Six","ABUSE OF TAPAS","When You Need not Renounce"
"1634","Tantra Six","ABUSE OF TAPAS","To Reach the Actionless State is Above All"
"1635","Tantra Six","ABUSE OF TAPAS","Fruit of Tapas"
"1636","Tantra Six","ABUSE OF TAPAS","Tapas is the Yearning of Heart"
"1637","Tantra Six","ABUSE OF TAPAS","Follow Tapasvins and Meet God"
"1638","Tantra Six","ABUSE OF TAPAS","Light of Tapas is Light of Self"
"1639","Tantra Six","ABUSE OF TAPAS","Tapas Gives Bhakti and Mukti"
"1640","Tantra Six","ABUSE OF TAPAS","Tapas is the Supreme Means"
"1641","Tantra Six","ABUSE OF TAPAS","Tapas is Single-mindedness"
"1642","Tantra Six","ABUSE OF TAPAS","They That Shun Tapas Hunger Forever"
"1643","Tantra Six","ABUSE OF TAPAS","Tapas is Control of Senses"
"1644","Tantra Six","ABUSE OF TAPAS","Tapas is Thought Becoming Siva"
"1645","Tantra Six","ABUSE OF TAPAS","Fruits of Lord's Grace"
"1646","Tantra Six","JNANA FLOWS FROM GOD’S GRACE","Fruits of Lord’s Grace"
"1647","Tantra Six","JNANA FLOWS FROM GOD’S GRACE","Jnana is Beyond Five Siva Tattvas"
"1648","Tantra Six","JNANA FLOWS FROM GOD’S GRACE","Jnana is Knowledge of Good and Evil"
"1649","Tantra Six","JNANA FLOWS FROM GOD’S GRACE","God Grants His Grace of Himself"
"1650","Tantra Six","JNANA FLOWS FROM GOD’S GRACE","Things That Come of Siva’s Grace"
"1651","Tantra Six","JNANA FLOWS FROM GOD’S GRACE","Grace Decides Your Birth To-Be"
"1652","Tantra Six","JNANA FLOWS FROM GOD’S GRACE","Grace Unites Soul in God"
"1653","Tantra Six","JNANA FLOWS FROM GOD’S GRACE","Tapasvins Will Receive Grace Even Hereafter"
"1654","Tantra Six","JNANA FLOWS FROM GOD’S GRACE","God is Beauty"
"1655","Tantra Six","JNANA FLOWS FROM GOD’S GRACE","I shall hold fast unto Nandi"
"1656","Tantra Six","FALSE ROBES","Men of false robes know not Siva"
"1657","Tantra Six","FALSE ROBES","Men of false robes bring famine"
"1658","Tantra Six","FALSE ROBES","Let Government lead people in the way of Virtue"
"1659","Tantra Six","FALSE ROBES","Why they don the Holy Robes"
"1660","Tantra Six","FALSE ROBES","Discerning eyes see through false robe"
"1661","Tantra Six","FALSE ROBES","True robe befits only true Tapasvins"
"1662","Tantra Six","FALSE ROBES","The insignia of Siva Yogins"
"1663","Tantra Six","ROBES OF TAPAS","Other insignia of Siva Yogin"
"1664","Tantra Six","ROBES OF TAPAS","Ten appurtenances of Siva Yogins"
"1665","Tantra Six","ROBES OF TAPAS","Other insignia of Siva Yogin"
"1666","Tantra Six","ROBES OF TAPAS","Ten appurtenances of Siva Yogins"
"1667","Tantra Six","HOLY. ASHES","Holy Ashes elevate to Brahma Status"
"1668","Tantra Six","HOLY. ASHES","Power of Holy Ashes"
"1669","Tantra Six","ROBES OF","Jnana is All; not robes"
"1670","Tantra Six","ROBES OF","Perfect Jnanis speak not"
"1671","Tantra Six","ROBES OF","Holy Ashes elevate to Brahma Status"
"1672","Tantra Six","JNANA","They Need No Paths"
"1673","Tantra Six","JNANA","Siva Jnanis are Quiescent"
"1674","Tantra Six","JNANA","Siva Jnanis alone are of the Holy Order"
"1675","Tantra Six","JNANA","Everything suits the Jnani"
"1676","Tantra Six","JNANA","वागा 15. 2 class apart"
"1677","Tantra Six","JNANA","Stages in Liberation process"
"1678","Tantra Six","SIVA ROBE","Liege-robe of Siva"
"1679","Tantra Six","SIVA ROBE","The robe is not: for Soul"
"1680","Tantra Six","SIVA ROBE","They of Siva-Robe are action-less"
"1681","Tantra Six","SIVA ROBE","Why the robe? Seek Nandi Yoga Way"
"1682","Tantra Six","THE UNFIT","Blind leading’ the Blind"
"1683","Tantra Six","THE UNFIT","They seek Worldly Pleasures"
"1684","Tantra Six","THE UNFIT","They know not the Mystery of Body"
"1685","Tantra Six","THE UNFIT","Realize Lord in Purity of thought, word and deed"
"1686","Tantra Six","THE UNFIT","Banish: False Disciples"
"1687","Tantra Six","THE UNFIT","Tapas consumes Karma"
"1688","Tantra Six","THE UNFIT","Qualities unbecoming Tapasvins"
"1689","Tantra Six","THE UNFIT","Inner Vision ends Births"
"1690","Tantra Six","THE UNFIT","No Grace for false Disciple"
"1691","Tantra Six","THE UNFIT","Other blemishes of false Disciples"
"1692","Tantra Six","THE FIT DISCIPLE","They who find the Path"
"1693","Tantra Six","THE FIT DISCIPLE","Lord! Grant me Your Grace"
"1694","Tantra Six","THE FIT DISCIPLE","Grace comes to those who contain their Thoughts"
"1695","Tantra Six","THE FIT DISCIPLE","Seek a proper Guru"
"1696","Tantra Six","THE FIT DISCIPLE","Auspicious Days for receiving Instruction"
"1697","Tantra Six","THE FIT DISCIPLE","Pure thoughts lead to Grace"
"1698","Tantra Six","THE FIT DISCIPLE","Attributes of Good Disciple"
"1699","Tantra Six","THE FIT DISCIPLE","Yet other qualities of Good Disciple"
"1700","Tantra Six","THE FIT DISCIPLE","The Power of Guru’s Feet"
"1701","Tantra Six","THE FIT DISCIPLE","What comes of touch of Guru’s Feet"
"1702","Tantra Six","THE FIT DISCIPLE","Rules of Instruction"
"1703","Tantra Six","THE FIT DISCIPLE","How the Jnana Guru Instructs"
"1704","Tantra Six","THE FIT DISCIPLE","True Disciple humbles before the Renunciate"
"1705","Tantra Six","THE FIT DISCIPLE","Good Disciple follows Guru like a shadow"
"1706","Tantra Seven","THE SIX ADHARAS","The Six Adharas and -their petals"
"1707","Tantra Seven","THE SIX ADHARAS","The Spheres of the upper Adharas"
"1708","Tantra Seven","THE SIX ADHARAS","Parapara pervades all the Six Adharas"
"1709","Tantra Seven","THE SIX ADHARAS","Experience is Adhara Yoga"
"1710","Tantra Seven","THE SIX ADHARAS","Ascending further above Six Adharas"
"1711","Tantra Seven","THE SIX ADHARAS","The One Letter ‘‘Aum’’ is beyond the Fifty"
"1712","Tantra Seven","THE SIX ADHARAS","The Letters Fifty the subtle in Adharas, and"
"1713","Tantra Seven","THE SIX ADHARAS","The Sixteen-Petalled Lotus in Visuddhi Adhara"
"1714","Tantra Seven","THE COSMIC LINGAM","Linga or Sadasiva is World manifest"
"1715","Tantra Seven","THE COSMIC LINGAM","Sakti in Sadasiva manifested as World"
"1716","Tantra Seven","THE COSMIC LINGAM","Sadasiva is the Adhvas too"
"1717","Tantra Seven","THE COSMIC LINGAM","Lord (Sadasiva) protects the Celestials from afar"
"1718","Tantra Seven","THE COSMIC LINGAM","Lord (Sadasiva) is the Light of Life of Gods"
"1719","Tantra Seven","THE COSMIC LINGAM","Lord is the Goiden support of Heart"
"1720","Tantra Seven","THE COSMIC LINGAM","Sadasiva (Linga)’s Form, manifest and subtle"
"1721","Tantra Seven","THE COSMIC LINGAM","How to fix Linga"
"1722","Tantra Seven","THE COSMIC LINGAM","How Linga is shaped"
"1723","Tantra Seven","THE COSMIC LINGAM","Lingas for the Four Varnas"
"1724","Tantra Seven","THE COSMIC LINGAM","No Single way of worship"
"1725","Tantra Seven","THE COSMIC LINGAM","God is Pervasive"
"1726","Tantra Seven","THE COSMIC LINGAM","Siva’s Pervasive Form"
"1727","Tantra Seven","THE COSMIC LINGAM","Siva’s Cosmic Form"
"1728","Tantra Seven","MICROCOSMIC (PINDA) LINGA","Human form is Siva Linga"
"1729","Tantra Seven","MICROCOSMIC (PINDA) LINGA","Lord opens the sense gates"
"1730","Tantra Seven","MICROCOSMIC (PINDA) LINGA","Sadasiva form with Five Faces"
"1731","Tantra Seven","MICROCOSMIC (PINDA) LINGA","In spite of having undergone innumerable cycles of birth, men"
"1732","Tantra Seven","MICROCOSMIC (PINDA) LINGA","६ | He who; our adoration received"
"1733","Tantra Seven","SADASIVA LINGAM","When Sakti further evolves"
"1734","Tantra Seven","SADASIVA LINGAM","‘ ; ; Brahma, Vishnu, Rudra, Mahesa,"
"1735","Tantra Seven","SADASIVA LINGAM","The Five Faces of Sadasiva and their Hues"
"1736","Tantra Seven","SADASIVA LINGAM","When Sakti further evolves"
"1737","Tantra Seven","SADASIVA LINGAM","Sakti evolves still further"
"1738","Tantra Seven","SIX","The Five Faces of Sadasiva and their Hues"
"1739","Tantra Seven","SIX","Sadasiva’s Form"
"1740","Tantra Seven","SIX","Sakti is the Kinetic and Siva the potential"
"1741","Tantra Seven","SIX","Sadasiva is Tattva (Truth) Real"
"1742","Tantra Seven","SIX","How Sakti dwells in the Five faces of Sadasiva"
"1743","Tantra Seven","SIX","Muse on Sadasiva’s Form"
"1744","Tantra Seven","SIX","Names of the Five Faces of Sadasiva"
"1745","Tantra Seven","SIX","How Sakti dwells in the Five faces of Sadasiva"
"1746","Tantra Seven","SIX","Form of Sakti in Sadasiva"
"1747","Tantra Seven","SIX","The Five Saktis are seated in Sadasiva"
"1748","Tantra Seven","SIX","Sakti in the First Three Adharas"
"1749","Tantra Seven","SIX","Sadasiva is seated in Sahasrara"
"1750","Tantra Seven","SIX","Sadasiva abides within body"
"1751","Tantra Seven","SIX","Sadasiva is realized in the Body"
"1752","Tantra Seven","SIX","The Lord is the Source of Light and Energy for"
"1753","Tantra Seven","SIX","The Lord is uncreated"
"1754","Tantra Seven","SIX","Bindu is the Support and Nada the Supported"
"1755","Tantra Seven","SIX","Linga is Aum"
"1756","Tantra Seven","ATMA LINGAM","In the Beginning was Aum"
"1757","Tantra Seven","ATMA LINGAM","Bindu is the Support:and Nada the Supported"
"1758","Tantra Seven","ATMA LINGAM","Siva-Sakti (Linga) is Static, Kinetic, Sadasiva"
"1759","Tantra Seven","ATMA LINGAM","Lord is Light and Support"
"1760","Tantra Seven","ATMA LINGAM","Linga Comprises both Bindu and Nada"
"1761","Tantra Seven","ATMA LINGAM","All’the Tattvas are in Linga"
"1762","Tantra Seven","ATMA LINGAM","Seek the Lord within and be Blessed"
"1763","Tantra Seven","ATMA LINGAM","Lord is Sovereign Supreme"
"1764","Tantra Seven","ATMA LINGAM","The Lord is tender as Mother -Cow"
"1765","Tantra Seven","ATMA LINGAM","Hold: Lord in Heart of Heart"
"1766","Tantra Seven","JNANA LINGAM","Lord is Bounteous"
"1767","Tantra Seven","JNANA LINGAM","Sadasiva is Form-Formless"
"1768","Tantra Seven","JNANA LINGAM","Seek Sadasiva"
"1769","Tantra Seven","JNANA LINGAM","Sadasiva Dispels Karmas"
"1770","Tantra Seven","JNANA LINGAM","Sadasiva dispenses Divine Justice"
"1771","Tantra Seven","JNANA LINGAM","Truth of Supreme Siva"
"1772","Tantra Seven","JNANA LINGAM","See Siva and Sakti and see All in Him"
"1773","Tantra Seven","JNANA LINGAM","Worship Siva-Sakti and Realize Jnana"
"1774","Tantra Seven","JNANA LINGAM","The Play of Sakti—Sakti activates Jiva"
"1775","Tantra Seven","JNANA LINGAM","All Creation is Sakti-Siva Play"
"1776","Tantra Seven","SIVA LINGAM","Siva is Immanent and Transcendent"
"1777","Tantra Seven","SIVA LINGAM","Only Way of Knowing Siva is Worship"
"1778","Tantra Seven","SIVA LINGAM","Worship Him as the One Being"
"1779","Tantra Seven","SIVA LINGAM","Linga’s Nine Aspects"
"1780","Tantra Seven","SIVA LINGAM","Rouse Kundalini and reach Supreme State"
"1781","Tantra Seven","SAMPRADAYA (HOLY TRADITION)","Lord appears as Siva Guru and gives initiation"
"1782","Tantra Seven","SAMPRADAYA (HOLY TRADITION)","Guru works for Disciple’s Redemption"
"1783","Tantra Seven","SAMPRADAYA (HOLY TRADITION)","Guru imparts the Secret Divine"
"1784","Tantra Seven","SAMPRADAYA (HOLY TRADITION)","Siva makes Jiva Pure as Himself"
"1785","Tantra Seven","SAMPRADAYA (HOLY TRADITION)","Siva Extricates Jiva from Maya"
"1786","Tantra Seven","SAMPRADAYA (HOLY TRADITION)","Siva takes Jiva into Himself"
"1787","Tantra Seven","SAMPRADAYA (HOLY TRADITION)","Siva by taking all, Gives All"
"1788","Tantra Seven","SAMPRADAYA (HOLY TRADITION)","Ghosts do not know the Truth of Life"
"1789","Tantra Seven","SAMPRADAYA (HOLY TRADITION)","Know the Finite Truth"
"1790","Tantra Seven","SAMPRADAYA (HOLY TRADITION)","Lord's Infinite Bounty"
"1791","Tantra Seven","SAMPRADAYA (HOLY TRADITION)","Siva and Jiva are inseparable"
"1792","Tantra Seven","SAMPRADAYA (HOLY TRADITION)","Knower becomes the Known"
"1793","Tantra Seven","SAMPRADAYA (HOLY TRADITION)","Lord’s Infinite Bounty"
"1794","Tantra Seven","SAMPRADAYA (HOLY TRADITION)","Lord wrought Me to Perfection"
"1795","Tantra Seven","PLACING OF GRACE","Lord Knows His Devotees in Time"
"1796","Tantra Seven","PLACING OF GRACE","Pray and receive Divine Light"
"1797","Tantra Seven","PLACING OF GRACE","God’s Grace Leads to illumination"
"1798","Tantra Seven","PLACING OF GRACE","Lord Knows His Devotees in Time"
"1799","Tantra Seven","PLACING OF GRACE","Lord, of Himself, will Know You"
"1800","Tantra Seven","PLACING OF GRACE","If I do not Know Lord who else shall?"
"1801","Tantra Seven","PLACING OF GRACE","Grace is All"
"1802","Tantra Seven","PLACING OF GRACE","Various Acts of Lord’s Grace"
"1803","Tantra Seven","PLACING OF GRACE","From Birth to Liberation — All Acts of Grace"
"1804","Tantra Seven","PLACING OF GRACE","More Acts of Grace"
"1805","Tantra Seven","PLACING OF GRACE","Grace Grants Mukti and Beyond"
"1806","Tantra Seven","PLACING OF GRACE","Lord is of Infinite Grace"
"1807","Tantra Seven","PLACING OF GRACE","Nandi entered my Heart and made me Sivam"
"1808","Tantra Seven","PLACING OF GRACE","Bounties of Lord’s Grace"
"1809","Tantra Seven","PLACING OF GRACE","All Phenomena are manifestations of Grace"
"1810","Tantra Seven","PLACING OF GRACE","The Nine God Forms are of Siva"
"1811","Tantra Seven","PLACING OF GRACE","Grace Gives Divine Vision"
"1812","Tantra Seven","PLACING OF GRACE","Lord Alone Performs the Five Acts"
"1813","Tantra Seven","PLACING OF GRACE","The Form, Formless and Form-Formless Aspects"
"1814","Tantra Seven","PLACING OF GRACE","God is Immanent and Transcendent"
"1815","Tantra Seven","PLACING OF GRACE","Nadam and Bindu are Evolved when- Siva"
"1816","Tantra Seven","PLACING OF GRACE","The .Devolutes of Bindu"
"1817","Tantra Seven","LIGHT OF GRACE","Be Born in Grace and Receive Grace"
"1818","Tantra Seven","LIGHT OF GRACE","Nandi Grants Unending Grace"
"1819","Tantra Seven","LIGHT OF GRACE","Imparting Grace Siva Grants His Form to Jiva"
"1820","Tantra Seven","LIGHT OF GRACE","Nandi Planted His Feet on me and imparted Grace"
"1821","Tantra Seven","LIGHT OF GRACE","Light the Lamps of God by Inner Light"
"1822","Tantra Seven","LIGHT OF GRACE","By Inner Light Unite One in Siva"
"1823","Tantra Seven","LIGHT OF GRACE","Lord is Gracious"
"1824","Tantra Seven","LIGHT OF GRACE","Grace is the Refuge"
"1825","Tantra Seven","LIGHT OF GRACE","Save the Soul"
"1826","Tantra Seven","SIVA PUJA","Soul is Siva Linga"
"1827","Tantra Seven","SIVA PUJA","Prayer is True Sacrifice"
"1828","Tantra Seven","SIVA PUJA","Worship Sadasiva and Become Siva"
"1829","Tantra Seven","SIVA PUJA","T—39"
"1830","Tantra Seven","SIVA PUJA","Celestials Worship Lord with Archana"
"1831","Tantra Seven","SIVA PUJA","Pray and Receive Grace"
"1832","Tantra Seven","SIVA PUJA","Lord is in Our Heart"
"1833","Tantra Seven","SIVA PUJA","My Prayer is to Worship Lord with Archana"
"1834","Tantra Seven","SIVA PUJA","Chant the Thousand Names of Lord"
"1835","Tantra Seven","SIVA PUJA","Lord is in Our Heart"
"1836","Tantra Seven","TIRYUMANTIRAM","Celestials Pray and Receive Lord’s Grace:"
"1837","Tantra Seven","TIRYUMANTIRAM","Enter the Sea of Heart’s Faith"
"1838","Tantra Seven","TIRYUMANTIRAM","Break the Banks of the Sea of Sorrow"
"1839","Tantra Seven","TIRYUMANTIRAM","Adoration is the Way to Reach Lord"
"1840","Tantra Seven","TIRYUMANTIRAM","Seek Him In Prayer"
"1841","Tantra Seven","TIRYUMANTIRAM","Siva is the Primal One of Plural Three"
"1842","Tantra Seven","TIRYUMANTIRAM","Pray and Prosper"
"1843","Tantra Seven","TIRYUMANTIRAM","The Lord Receives Worship"
"1844","Tantra Seven","TIRYUMANTIRAM","Way to Goal Supreme"
"1845","Tantra Seven","TIRYUMANTIRAM","Nandi is Within"
"1846","Tantra Seven","TIRYUMANTIRAM","Lord is a Gem-Set Jewel"
"1847","Tantra Seven","TIRYUMANTIRAM","Nandi Dispels Darkness"
"1848","Tantra Seven","TIRYUMANTIRAM","The Four Dikshas or Ordination Rites"
"1849","Tantra Seven","TIRYUMANTIRAM","Seek Him Incessantly — He is Timeless Eternity"
"1850","Tantra Seven","GURU PUJA","Nandi Imparts Upadesa"
"1851","Tantra Seven","GURU PUJA","Rid Fleshly Desires and Know Him"
"1852","Tantra Seven","GURU PUJA","Path of Jnana is Supreme Archana Perform Pujas, Nadis Quelled"
"1853","Tantra Seven","GURU PUJA","Worship Nandi Beyond the Spheres of Sun and Moon"
"1854","Tantra Seven","GURU PUJA","Cross the Gates of Awareness and Tattvas"
"1855","Tantra Seven","GURU PUJA","Practise Worship where neither Night nor Day is"
"1856","Tantra Seven","GURU PUJA","Where Neither Day Nor Night is, there No Maya"
"1857","Tantra Seven","MAHESWARA PUJA (WORSHIP OF DEVOTEES)","Devotees are Walking Temples"
"1858","Tantra Seven","MAHESWARA PUJA (WORSHIP OF DEVOTEES)","Feed Tapasvins, Feed All Worlds"
"1859","Tantra Seven","MAHESWARA PUJA (WORSHIP OF DEVOTEES)","Offering to Tapasvins is Oblation to Gods and"
"1860","Tantra Seven","MAHESWARA PUJA (WORSHIP OF DEVOTEES)","Feeding the Tapasvin is superior to feeding"
"1861","Tantra Seven","MAHESWARA PUJA (WORSHIP OF DEVOTEES)","Even the Thought of Feeding Siva Jnanis is most"
"1862","Tantra Seven","MAHESWARA PUJA (WORSHIP OF DEVOTEES)","Siva Jnanis are Gods on Earth"
"1863","Tantra Seven","MAHESWARA PUJA (WORSHIP OF DEVOTEES)","Call Nandi until He Appears"
"1864","Tantra Seven","MAHESWARA PUJA (WORSHIP OF DEVOTEES)","Worship Siva’s Devotee and the World will"
"1865","Tantra Seven","MAHESWARA PUJA (WORSHIP OF DEVOTEES)","Worship without Love for Siva Jnanis Leads"
"1866","Tantra Seven","MAHESWARA PUJA (WORSHIP OF DEVOTEES)","Food for Holy Men is Food for Gods"
"1867","Tantra Seven","MAHESWARA PUJA (WORSHIP OF DEVOTEES)","Give to the Great Holy Ones and Reach the"
"1868","Tantra Seven","GREATNESS OF HOLY MEN","That Land Prospers where Holy Men are"
"1869","Tantra Seven","GREATNESS OF HOLY MEN","The Land of the Holy"
"1870","Tantra Seven","GREATNESS OF HOLY MEN","I am Redeemed when I reach the Goal of Union"
"1871","Tantra Seven","GREATNESS OF HOLY MEN","Then I engross All Creation"
"1872","Tantra Seven","GREATNESS OF HOLY MEN","Lord Can be seen only with Inner Light"
"1873","Tantra Seven","GREATNESS OF HOLY MEN","Lord’s Devotees Rule the High Heavens"
"1874","Tantra Seven","GREATNESS OF HOLY MEN","Muse on the Lord and Know no sorrow"
"1875","Tantra Seven","GREATNESS OF HOLY MEN","Renounce: God ploughs your Life for a Rich"
"1876","Tantra Seven","GREATNESS OF HOLY MEN","My Life willed to Siva"
"1877","Tantra Seven","GREATNESS OF HOLY MEN","Devotees treasure Lord as Heart’s Jewel"
"1878","Tantra Seven","GREATNESS OF HOLY MEN","Lord lifted me to perform His Holy Work"
"1879","Tantra Seven","GREATNESS OF HOLY MEN","How Tapasvins Look"
"1880","Tantra Seven","GREATNESS OF HOLY MEN","Seek Devotees; Seek Siva"
"1881","Tantra Seven","GREATNESS OF HOLY MEN","Celestials Seek the Jnanis"
"1882","Tantra Seven","GREATNESS OF HOLY MEN","Land of Siva Jnanis is Blessed"
"1883","Tantra Seven","GREATNESS OF HOLY MEN","Greatness of Siva Yoga Jnanis"
"1884","Tantra Seven","RULES FOR FEEDING HOLY MEN","Lord cares for Siva Jnanis"
"1885","Tantra Seven","RULES FOR FEEDING HOLY MEN","dnanis accept alms to sustain the Body- Temple"
"1886","Tantra Seven","RULES FOR RECEIVING ALMS","Jnanis harvest the Body-field"
"1887","Tantra Seven","RULES FOR RECEIVING ALMS","Why Lord Begged"
"1888","Tantra Seven","RULES FOR RECEIVING ALMS","Why Devotees Beg"
"1889","Tantra Seven","RULES FOR RECEIVING ALMS","Lord Waits for His Devotees"
"1890","Tantra Seven","RULES FOR RECEIVING ALMS","Devotees Constant Seek Siva"
"1891","Tantra Seven","RULES FOR RECEIVING ALMS","World Seeks to feed; Tapasvins do not Beg for"
"1892","Tantra Seven","MUDRA VARIATIONS","Significance of Mudra"
"1893","Tantra Seven","MUDRA VARIATIONS","Mudras — Sambhavi and Kechari"
"1894","Tantra Seven","MUDRA VARIATIONS","Sambhavi Mudra brings Grace and Kechari Jnana"
"1895","Tantra Seven","MUDRA VARIATIONS","Mauna Mudra Leads to Mukti Final"
"1896","Tantra Seven","MUDRA VARIATIONS","Mauna is Stillness of Both Thought and Speech"
"1897","Tantra Seven","MUDRA VARIATIONS","Yoga Mudra and Jnana Mudra"
"1898","Tantra Seven","MUDRA VARIATIONS","Yogi attains Nada State"
"1899","Tantra Seven","MUDRA VARIATIONS","Yoga is the Pure Way of Siddhanta-Vedanta"
"1900","Tantra Seven","MUDRA VARIATIONS","All Mudras firm up breath"
"1901","Tantra Seven","MUDRA VARIATIONS","Pure Vision inside Cranium"
"1902","Tantra Seven","PERFECT CAVE","Soul’s Journey after Yoga-Samadhi Attained"
"1903","Tantra Seven","PERFECT CAVE","When Samadhi is not Reached"
"1904","Tantra Seven","PERFECT CAVE","Siddha-Hood"
"1905","Tantra Seven","PERFECT CAVE","Continuity of Yoga through lives"
"1906","Tantra Seven","PERFECT CAVE","Mauna Samadhi Leads to the Unitive State"
"1907","Tantra Seven","PERFECT CAVE","‘Siddhas even when Dead in Body are Alive in"
"1908","Tantra Seven","PERFECT CAVE","Jnani Shapes Disciple towards Godhood"
"1909","Tantra Seven","PERFECT CAVE","Jnani Exists in ‘Siva’s Pervasiveness"
"1910","Tantra Seven","SAMADHI RITUALS","Do not Consign Siva Jnani’s: Body to Fire; Nor"
"1911","Tantra Seven","SAMADHI RITUALS","Disasters Follow if Jnani’s Body is Consigned To"
"1912","Tantra Seven","TTRUMANTIRAM","Bury Jnani’s Body in Proper Way"
"1913","Tantra Seven","TTRUMANTIRAM","Bury Jnani’s Body in an Urderground Sepulchure"
"1914","Tantra Seven","TTRUMANTIRAM","Samadhi Rituals"
"1915","Tantra Seven","TTRUMANTIRAM","Locations for Samadhi Cave"
"1916","Tantra Seven","TTRUMANTIRAM","Dimension For the Sepulchure Cave"
"1917","Tantra Seven","TTRUMANTIRAM","Samadhi Rituals"
"1918","Tantra Seven","TTRUMANTIRAM","Samadhi Rituals (Cont.)"
"1919","Tantra Seven","TTRUMANTIRAM","Samadhi Rituals (Cont.)"
"1920","Tantra Seven","TTRUMANTIRAM","Samadhi Rituals (Cont. )"
"1921","Tantra Seven","TTRUMANTIRAM","Samadhi Rituals (Cont.)"
"1922","Tantra Seven","TTRUMANTIRAM","Samadhi Pujas"
"1923","Tantra Seven","RISE OF BINDU","Evolutes of Bindu"
"1924","Tantra Seven","RISE OF BINDU","Thirty Six Tattvas Evolute"
"1925","Tantra Seven","RISE OF BINDU","Saktis evolve from Bindu"
"1926","Tantra Seven","RISE OF BINDU","Kalas Nada and Karanas evolve"
"1927","Tantra Seven","RISE OF BINDU","Bindu is the Causal Seed of Five Acts"
"1928","Tantra Seven","RISE OF BINDU","Bija is the Macro and Micro Causal Seed"
"1929","Tantra Seven","RISE OF BINDU","Bindu is White and Nada Red:"
"1930","Tantra Seven","RISE OF BINDU","Bindu is Cause-Effect"
"1931","Tantra Seven","RISE OF BINDU","Bindu is the Seed in the body and Divine Swan"
"1932","Tantra Seven","RISE OF BINDU","Siva is 5620, , Bindu is Embryo"
"1933","Tantra Seven","RISE OF BINDU","How Food Builds Body, Blood and Mind"
"1934","Tantra Seven","RISE OF BINDU","How Bindu is Formed From Food"
"1935","Tantra Seven","RISE OF BINDU","Bindu is Transformed into Mind and Kalas"
"1936","Tantra Seven","RISE OF BINDU","Waste Bindu, the Body Perishes"
"1937","Tantra Seven","BINDU FLOW","Siva Yogi Sublimates Bindu"
"1938","Tantra Seven","BINDU FLOW","Waste Not Bindu"
"1939","Tantra Seven","BINDU FLOW","Regulation Days for Sexual Union"
"1940","Tantra Seven","BINDU FLOW","Regulation Days.for Practising Yogis"
"1941","Tantra Seven","BINDU FLOW","Duration of Sexuai Union and Rules for Release"
"1942","Tantra Seven","BINDU FLOW","Sublimate Sex Act"
"1943","Tantra Seven","BINDU FLOW","Direct your senses Inward"
"1944","Tantra Seven","BINDU FLOW","Determine the Results of the Act"
"1945","Tantra Seven","BINDU FLOW","Seek not Further Union"
"1946","Tantra Seven","BINDU FLOW","Know the Seed of Seed and Preserve Body"
"1947","Tantra Seven","BINDU FLOW","Lord Settles Fate and longevity of Embryo With"
"1948","Tantra Seven","BINDU FLOW","Conserve Bindu and Attain Siddhis"
"1949","Tantra Seven","BINDU FLOW","Conservation of Sex Energy Vital for Yoga"
"1950","Tantra Seven","BINDU FLOW","Conserve Sex Energy and Become Heroes"
"1951","Tantra Seven","BINDU FLOW","Burn Bindu in Fire of Kundalini"
"1952","Tantra Seven","BINDU FLOW","In Yoga Bindu is Divinely Assimilated"
"1953","Tantra Seven","BINDU FLOW","Lust is Death’s Messenger"
"1954","Tantra Seven","BINDU FLOW","Conquer Bindu and Conquer Time"
"1955","Tantra Seven","BINDU FLOW","Embrace Woman after Cleansing Her"
"1956","Tantra Seven","BINDU FLOW","Bindu is Assimilated in Body Through Yoga"
"1957","Tantra Seven","BINDU FLOW","Conquest of Bindu Leads to Nada"
"1958","Tantra Seven","BINDU FLOW","Fry Bindu in Kundalini Fire"
"1959","Tantra Seven","BINDU FLOW","Bindu Sublimated by Kundalini Yoga Leads ‘to"
"1960","Tantra Seven","BINDU FLOW","In Yoga Way Bindu is not Released"
"1961","Tantra Seven","BINDU FLOW","Bindu is not Emitted"
"1962","Tantra Seven","BINDU FLOW","Bodily Bindu Becomes Cosmic Bindu"
"1963","Tantra Seven","BINDU FLOW","Union of Bindu and Nada"
"1964","Tantra Seven","BINDU FLOW","Yogi: Sublimates Bindu"
"1965","Tantra Seven","BINDU FLOW","Merging of Bodily Bindu in Cosmic Bindu"
"1966","Tantra Seven","BINDU FLOW","Absorb Bindu in Body and Become Immortal"
"1967","Tantra Seven","BINDU FLOW","Secret Way of Bindu Conquest"
"1968","Tantra Seven","BINDU FLOW","Conquer Bindu and Attain Siva State"
"1969","Tantra Seven","BINDU FLOW","Sivoham when Bindu Subsides"
"1970","Tantra Seven","BINDU FLOW","Fry Bindu and End Birth"
"1971","Tantra Seven","BINDU FLOW","When Bindu Merges Ambrosia Wells"
"1972","Tantra Seven","BINDU FLOW","Merge Mind in Bindu, Away From Lust"
"1973","Tantra Seven","BINDU FLOW","Jnanis Know Lord’s Seat"
"1974","Tantra Seven","BINDU FLOW","Regions of Five Elements in the body"
"1975","Tantra Seven","THE SUN’S POSITION—THE COSMIC SUN","Sun and Other Gods Adore the Lord to Receive"
"1976","Tantra Seven","THE SUN’S POSITION—THE COSMIC SUN","Sun is the Primal Energy"
"1977","Tantra Seven","THE SUN’S POSITION—THE COSMIC SUN","Worship Sun, Primal Lord Blesses"
"1978","Tantra Seven","THE SUN’S POSITION—THE COSMIC SUN","Primal Lord is Source of All"
"1979","Tantra Seven","THE SUN’S POSITION—THE COSMIC SUN","Position of Sun in the Body"
"1980","Tantra Seven","THE SUN’S POSITION—THE COSMIC SUN","The Sun Confers the Kalas in Adharas"
"1981","Tantra Seven","THE SUN’S POSITION—THE COSMIC SUN","Experiences in the Sphere of Sun Within"
"1982","Tantra Seven","THE SUN’S POSITION—THE COSMIC SUN","Sun’s Route Inside"
"1983","Tantra Seven","THE SUN’S POSITION—THE COSMIC SUN","ˆ Sun’s Course in the Higher Adharas"
"1984","Tantra Seven","THE SUN’S POSITION—THE COSMIC SUN","Sun Circumambulates Sahasrara"
"1985","Tantra Seven","THE MICROCOSMIC SUN","Vision Sun Within Through Spinal Way"
"1986","Tantra Seven","THE MICROCOSMIC SUN","The Self-Realized Reach Sun"
"1987","Tantra Seven","THE MICROCOSMIC SUN","Those Who Know the Sun Within is Worthy of"
"1988","Tantra Seven","MIND’S SUN","Life’s Full Moon Within"
"1989","Tantra Seven","MIND’S SUN","To See the Blending of the Rays of Sun and Moon"
"1990","Tantra Seven","MIND’S SUN","Full Moon Within"
"1991","Tantra Seven","MIND’S SUN","The Vision of Ethereal Light Within"
"1992","Tantra Seven","MIND’S SUN","The Nine Planets Lacking Grace Whirl in"
"1993","Tantra Seven","JNANA-SUN","Sun’s Para Kalas evolve from Bindu Through"
"1994","Tantra Seven","JNANA-SUN","In the Five Kalas Arise the Five Sound Forms"
"1995","Tantra Seven","JNANA-SUN","Sadasiva is the Finite Source of Formless and"
"1996","Tantra Seven","JNANA-SUN","Siva Dispels Darkness"
"1997","Tantra Seven","JNANA-SUN","Siva is the Light Resplendent"
"1998","Tantra Seven","JNANA-SUN","He is Supreme Light"
"1999","Tantra Seven","JNANA-SUN","The Jnana Sun is Within and Without"
"2000","Tantra Seven","JNANA-SUN","Five Centres where the Light of Lord is"
"2001","Tantra Seven","SIVA-SUN","Siva is Sun of Jnana"
"2002","Tantra Seven","SIVA-SUN","Sivaditya is Immanent and Transcendent"
"2003","Tantra Seven","SIVA-SUN","Sivaditya is Space, Light and Darkness"
"2004","Tantra Seven","SIVA-SUN","Nine Abodes of Sivaditya"
"2005","Tantra Seven","NATURE OF JIVA PRANA","He is Para-Bindu"
"2006","Tantra Seven","NATURE OF JIVA PRANA","Cosmic Bindu and Micro-Cosmic Bindu Are"
"2007","Tantra Seven","PURUSHA","Lord Creates Activating Saktis, Jnana and Kriya"
"2008","Tantra Seven","PURUSHA","Lord is Atom-Within-Atom"
"2009","Tantra Seven","PURUSHA","Seek the Jnana Way of Lord"
"2010","Tantra Seven","PURUSHA","Jiva and Siva Commingling Stand"
"2011","Tantra Seven","JIVA (SOUL)","Size of Soul"
"2012","Tantra Seven","JIVA (SOUL)","Siva’s Infinite Size"
"2013","Tantra Seven","JIVA (SOUL)","Practise Yoga in Perseverence"
"2014","Tantra Seven","JIVA (SOUL)","The Guru Illumines You"
"2015","Tantra Seven","JIVA (PASU)","वागा is the Mature कार"
"2016","Tantra Seven","JIVA (PASU)","divas Graze in the Backwood of Worldly Pleasures"
"2017","Tantra Seven","JNANA)","Jiva and Siva are One"
"2018","Tantra Seven","JNANA)","Lord is Light"
"2019","Tantra Seven","JNANA)","Lord is Knowledge and Knower"
"2020","Tantra Seven","JNANA)","He is Beyond Tattvas Thirty-Six `"
"2021","Tantra Seven","JNANA)","Lord is Truth"
"2022","Tantra Seven","JNANA)","Lord Bestows His Grace on the Good"
"2023","Tantra Seven","INDRIYAS (SENSES)","Do Not Delay to Control Senses"
"2024","Tantra Seven","INDRIYAS (SENSES)","Difficulty of Training Senses"
"2025","Tantra Seven","INDRIYAS (SENSES)","Harassing Senses Bring Sorrow"
"2026","Tantra Seven","INDRIYAS (SENSES)","Senses are Like Roaming Lions"
"2027","Tantra Seven","INDRIYAS (SENSES)","Senses are Like Ministers that Seek to Usurp the"
"2028","Tantra Seven","INDRIYAS (SENSES)","Without Sense Control Jiva is Like an"
"2029","Tantra Seven","INDRIYAS (SENSES)","Control Desires, and Attain Bliss"
"2030","Tantra Seven","INDRIYAS (SENSES)","Strength of Wisdom Leads to Higher Life"
"2031","Tantra Seven","WAY OF SUBLIMATION)","Lord is a Fisher of Desires"
"2032","Tantra Seven","WAY OF SUBLIMATION)","Control Senses and Become Immortal"
"2033","Tantra Seven","WAY OF SUBLIMATION)","Not Control But Sublimation of Senses is Wisdom's Way"
"2034","Tantra Seven","WAY OF SUBLIMATION)","Mere Control Does Not Avail"
"2035","Tantra Seven","WAY OF SUBLIMATION)","Sublimation is the Way to Grace"
"2036","Tantra Seven","WAY OF SUBLIMATION)","Control of Thoughts is the Key to Control of"
"2037","Tantra Seven","WAY OF SUBLIMATION)","Control the Serpentine Thought in the Yoga Way"
"2038","Tantra Seven","WAY OF SUBLIMATION)","Control Senses By Jnana Yoga"
"2039","Tantra Seven","WAY OF SUBLIMATION)","Control Thought and Make it a Temple"
"2040","Tantra Seven","WAY OF SUBLIMATION)","Control Senses and Bear Your Troubles Gently"
"2041","Tantra Seven","WAY OF SUBLIMATION)","Redeem the Senses By Intelligence and Prayer"
"2042","Tantra Seven","WAY OF SUBLIMATION)","Senses Are Very Powerful"
"2043","Tantra Seven","WAY OF SUBLIMATION)","Give Up Nothing; But Sublimate Your Thought"
"2044","Tantra Seven","WAYS OF -UNHOLY GURU","The Unholy Guru Has Virtues None"
"2045","Tantra Seven","WAYS OF -UNHOLY GURU","The Unholy is only in Search of Food"
"2046","Tantra Seven","WAYS OF -UNHOLY GURU","The Unholy Guru is Bereft of Knowledge"
"2047","Tantra Seven","WAYS OF -UNHOLY GURU","The False Guru is an Enemy to Himself and World"
"2048","Tantra Seven","WAYS OF -UNHOLY GURU","The Blind Leading the Blind Together Fall"
"2049","Tantra Seven","WAYS OF HOLY GURU","Holy Guru Leads Disciple to Truth"
"2050","Tantra Seven","WAYS OF HOLY GURU","What the Holy Guru does for His Disciples"
"2051","Tantra Seven","WAYS OF HOLY GURU","He Takes Them to the Bourne From Which They’"
"2052","Tantra Seven","WAYS OF HOLY GURU","Holy Guru Does not Exult in Vain Contentions"
"2053","Tantra Seven","WAYS OF HOLY GURU","Holy Guru Assesses Worth of His Disciples"
"2054","Tantra Seven","WAYS OF HOLY GURU","By His Alchemic Touch Jiva Becomes Siva"
"2055","Tantra Seven","WAYS OF HOLY GURU","Holy Guru is Siva in Flesh"
"2056","Tantra Seven","WAYS OF HOLY GURU","Follow Holy Guru and Reach the Great ‘Way"
"2057","Tantra Seven","WAYS OF HOLY GURU","Holy Guru Leads to Lord"
"2058","Tantra Seven","WAYS OF HOLY GURU","Holy Guru Imparts Nature of Truth"
"2059","Tantra Seven","WAYS OF HOLY GURU","True Disciples Adore Holy Guru"
"2060","Tantra Seven","WAYS OF HOLY GURU","Jiva Subsiding in Silence in Self Ascends to Siva-State"
"2061","Tantra Seven","WAYS OF HOLY GURU","From Jiva’s Birth to its Final Emancipation—It"
"2062","Tantra Seven","WAYS OF HOLY GURU","Lord’s Play in tbe Arena of Jiva’s Body"
"2063","Tantra Seven","WAYS OF HOLY GURU","Love for Lord Takes You to Siva State"
"2064","Tantra Seven","WAYS OF HOLY GURU","Divine State Ends Birth’s Cycle"
"2065","Tantra Seven","WAYS OF HOLY GURU","Lord Attaches Mayas to Jiva for Attainment of"
"2066","Tantra Seven","WAYS OF HOLY GURU","Siva is the Supreme Guru"
"2067","Tantra Seven","UNHOLY CONDUCT","God is Omniscient"
"2068","Tantra Seven","UNHOLY CONDUCT","Speak Truth"
"2069","Tantra Seven","UNHOLY CONDUCT","Conserve Bindu"
"2070","Tantra Seven","UNHOLY CONDUCT","Acquire True Jnana"
"2071","Tantra Seven","UNHOLY CONDUCT","Look Inward"
"2072","Tantra Seven","UNHOLY CONDUCT","Lord Oversees From Within You"
"2073","Tantra Seven","UNHOLY CONDUCT","How the Lord is Seated"
"2074","Tantra Seven","UNHOLY CONDUCT","f-Realized beings on one side,"
"2075","Tantra Seven","UNHOLY CONDUCT","Lord is the Light of Our Eyes"
"2076","Tantra Seven","UNHOLY CONDUCT","By His Grace Our Thoughts Become Serene"
"2077","Tantra Seven","UNHOLY CONDUCT","Unholy Men Do Not Think of Attaining Divinity"
"2078","Tantra Seven","UNHOLY CONDUCT","They Think of I and You as Two"
"2079","Tantra Seven","UNHOLY CONDUCT","They Do Not Know the Inter-Relation of Body"
"2080","Tantra Seven","UNHOLY CONDUCT","Lord is in Awareness, not in Prana"
"2081","Tantra Seven","UNHOLY CONDUCT","Realize the Self"
"2082","Tantra Seven","UNHOLY CONDUCT","Give Up Worldly Pleasures"
"2083","Tantra Seven","UNHOLY CONDUCT","Efface the Ego"
"2084","Tantra Seven","UNHOLY CONDUCT","Unborn Being Above Tattvas"
"2085","Tantra Seven","IN COMPASSION FOR MEN’S EVIL LOT","Ungodly Ones do not Think of Soul’s Liberation"
"2086","Tantra Seven","IN COMPASSION FOR MEN’S EVIL LOT","the"
"2087","Tantra Seven","IN COMPASSION FOR MEN’S EVIL LOT","They Care Not for Soul’s Well-Being"
"2088","Tantra Seven","IN COMPASSION FOR MEN’S EVIL LOT","They Stand in Wait for the Burial Heap"
"2089","Tantra Seven","IN COMPASSION FOR MEN’S EVIL LOT","They Are Distracted by Doubts"
"2090","Tantra Seven","IN COMPASSION FOR MEN’S EVIL LOT","They Pursue not the Way of Bliss"
"2091","Tantra Seven","IN COMPASSION FOR MEN’S EVIL LOT","Human Birth is Rare; Yet They Seek Not Lord’s"
"2092","Tantra Seven","IN COMPASSION FOR MEN’S EVIL LOT","They Think Not of Heavenly Pleasures"
"2093","Tantra Seven","IN COMPASSION FOR MEN’S EVIL LOT","They Sought Not Lord"
"2094","Tantra Seven","IN COMPASSION FOR MEN’S EVIL LOT","They Dance and Waste Away Their Lives"
"2095","Tantra Seven","IN COMPASSION FOR MEN’S EVIL LOT","They Fall a Prey to Senses"
"2096","Tantra Seven","IN COMPASSION FOR MEN’S EVIL LOT","They Care Not: for the Fruit of This Birth"
"2097","Tantra Seven","IN COMPASSION FOR MEN’S EVIL LOT","They Seek Not. Light"
"2098","Tantra Seven","IN COMPASSION FOR MEN’S EVIL LOT","They Seek Not the Divine Honey"
"2099","Tantra Seven","IN COMPASSION FOR MEN’S EVIL LOT","They Slip Low Down"
"2100","Tantra Seven","IN COMPASSION FOR MEN’S EVIL LOT","Death Nears; Yet They Seek Not Peace"
"2101","Tantra Seven","IN COMPASSION FOR MEN’S EVIL LOT","Seek Lord Before Floods of Age Swell"
"2102","Tantra Seven","IN COMPASSION FOR MEN’S EVIL LOT","Their Thoughts Do Not Reach to the Lord"
"2103","Tantra Seven","SALUTARY INSTRUCTION","Think of Siva’s Holy Way"
"2104","Tantra Seven","SALUTARY INSTRUCTION","Seek the Holy Path of Hara"
"2105","Tantra Seven","SALUTARY INSTRUCTION","One. the Family, One the God"
"2106","Tantra Seven","SALUTARY INSTRUCTION","Praise Lord and Spurn Death"
"2107","Tantra Seven","SALUTARY INSTRUCTION","Seek Lord; No More Births Will Be"
"2108","Tantra Seven","SALUTARY INSTRUCTION","Think of Lord like Your Last Days"
"2109","Tantra Seven","SALUTARY INSTRUCTION","‘Lord is Your Redemption"
"2110","Tantra Seven","SALUTARY INSTRUCTION","Think of Lord like Your Last Days"
"2111","Tantra Seven","SALUTARY INSTRUCTION","Lord Yearns After Devotees"
"2112","Tantra Seven","SALUTARY INSTRUCTION","Attaining Celestial Status"
"2113","Tantra Seven","SALUTARY INSTRUCTION","Ways to Seek the Higher Goal"
"2114","Tantra Seven","SALUTARY INSTRUCTION","Know Lord and Be in Bliss"
"2115","Tantra Seven","SALUTARY INSTRUCTION","Ways to Seek the Higher Goal"
"2116","Tantra Seven","SALUTARY INSTRUCTION","Seek the Lord and Be Blessed"
"2117","Tantra Seven","SALUTARY INSTRUCTION","Lord Stands as Ghee in Milk"
"2118","Tantra Seven","SALUTARY INSTRUCTION","Cascade of Births"
"2119","Tantra Seven","SALUTARY INSTRUCTION","Pray .in Pure Heart"
"2120","Tantra Seven","SALUTARY INSTRUCTION","Fate of Knaves who Seek the Holy Guru"
"2121","Tantra Seven","SALUTARY INSTRUCTION","Holy Guru Shows the Way"
"2122","Tantra Seven","SALUTARY INSTRUCTION","Hold on to Guru"
"2123","Tantra Seven","SALUTARY INSTRUCTION","Guru is Lord Siva Himself"
"2124","Tantra Eight","FIVE DIVISIONS OF THE BODY","Body Bag and Maya Bag"
"2125","Tantra Eight","FIVE DIVISIONS OF THE BODY","Subtle Body"
"2126","Tantra Eight","FIVE DIVISIONS OF THE BODY","Five Indriyas and Three Karanas"
"2127","Tantra Eight","FIVE DIVISIONS OF THE BODY","Gross Body"
"2128","Tantra Eight","FIVE DIVISIONS OF THE BODY","God is Within the Body"
"2129","Tantra Eight","FIVE DIVISIONS OF THE BODY","Twenty-Four Bodily Tattvas (niversals)"
"2130","Tantra Eight","FIVE DIVISIONS OF THE BODY","diva Has Five Experiences"
"2131","Tantra Eight","FIVE DIVISIONS OF THE BODY","Kala Body Holds Life"
"2132","Tantra Eight","FIVE DIVISIONS OF THE BODY","Bodies — Gross, Subtle and Causal Merge In Para"
"2133","Tantra Eight","FIVE DIVISIONS OF THE BODY","Jiva Incarnates in Many Bodies"
"2134","Tantra Eight","FIVE DIVISIONS OF THE BODY","In the Waking State Dreams are Forgotten; So it"
"2135","Tantra Eight","FIVE DIVISIONS OF THE BODY","Cycle of Births and Deaths"
"2136","Tantra Eight","FIVE DIVISIONS OF THE BODY","The Birth Cycle ends only when Jiva Unites in God"
"2137","Tantra Eight","FIVE DIVISIONS OF THE BODY","Body Substrates of Evolved Beings"
"2138","Tantra Eight","FIVE DIVISIONS OF THE BODY","Body Substrates of Jivas in Three Stages of:"
"2139","Tantra Eight","FIVE DIVISIONS OF THE BODY","Lord is in Body, do not Despise it"
"2140","Tantra Eight","FIVE DIVISIONS OF THE BODY","God Rejoices in the Body of the Good"
"2141","Tantra Eight","GIVING UP BODY","Sublimate Speech and Thought Godward"
"2142","Tantra Eight","GIVING UP BODY","When Body Perishes, Nothing There Is"
"2143","Tantra Eight","GIVING UP BODY","The Pure Will Reach God"
"2144","Tantra Eight","AVASTA DIFFERENCES — LOWER AVASTA","Where Tattvas Stand in the Four States of Jiva"
"2145","Tantra Eight","AVASTA DIFFERENCES — LOWER AVASTA","Siva the Beginning and End of Five Avastas"
"2146","Tantra Eight","AVASTA DIFFERENCES — LOWER AVASTA","Instruments of Experience"
"2147","Tantra Eight","AVASTA DIFFERENCES — LOWER AVASTA","The Five Elements Also Are Within Body"
"2148","Tantra Eight","AVASTA DIFFERENCES — LOWER AVASTA","Ninety-Six Tattvas"
"2149","Tantra Eight","AVASTA DIFFERENCES — LOWER AVASTA","Meet God in the Body By the Yoga Way"
"2150","Tantra Eight","AVASTA DIFFERENCES — LOWER AVASTA","Know the Relationship Between Body and Jiva"
"2151","Tantra Eight","AVASTA DIFFERENCES — LOWER AVASTA","Meet God in the Body By the Yoga Way"
"2152","Tantra Eight","AVASTA DIFFERENCES — LOWER AVASTA","Lord Placed in Concealment the Sixteen Kalas and"
"2153","Tantra Eight","AVASTA DIFFERENCES — LOWER AVASTA","Conquer the Five Elements and the Four Karanas"
"2154","Tantra Eight","AVASTA DIFFERENCES — LOWER AVASTA","Out of the Five Elements are Born the Five Senses"
"2155","Tantra Eight","AVASTA DIFFERENCES — LOWER AVASTA","Deep Sleep in Heart-Centre"
"2156","Tantra Eight","AVASTA DIFFERENCES — LOWER AVASTA","But Only the Four Intelligence Organs are Involved"
"2157","Tantra Eight","AVASTA DIFFERENCES — LOWER AVASTA","Deep Sleep in Heart-Centre"
"2158","Tantra Eight","AVASTA DIFFERENCES — LOWER AVASTA","Tattvas in Deep Sleep"
"2159","Tantra Eight","AVASTA DIFFERENCES — LOWER AVASTA","Nada. Peaks in Turiya or Fourth State"
"2160","Tantra Eight","AVASTA DIFFERENCES — LOWER AVASTA","All Jivas Experience These States of Awareness"
"2161","Tantra Eight","AVASTA DIFFERENCES — LOWER AVASTA","Maya Gives States of Experience For God's Grace to Attain; Jnanis Reach Mukti Direct"
"2162","Tantra Eight","AVASTA DIFFERENCES — LOWER AVASTA","State Beyond Turiya — (Turiyatita)"
"2163","Tantra Eight","AVASTA DIFFERENCES — LOWER AVASTA","All Jivas Experience These States of (5"
"2164","Tantra Eight","AVASTA DIFFERENCES — LOWER AVASTA","Maya Gives States of Experience For God’s Grace"
"2165","Tantra Eight","AVASTA DIFFERENCES — LOWER AVASTA","Consciousness Begins With Egoity:"
"2166","Tantra Eight","AVASTA DIFFERENCES — LOWER AVASTA","Maya Awakens Soul From Primordial (Kevala)"
"2167","Tantra Eight","AVASTA DIFFERENCES — LOWER AVASTA","Life: After Death Is"
"2168","Tantra Eight","AVASTA DIFFERENCES — LOWER AVASTA","In Turiyatita State Tattvas Remain Behind In Body"
"2169","Tantra Eight","AVASTA DIFFERENCES — LOWER AVASTA","Be. Freed of Malas to Reach God"
"2170","Tantra Eight","MID-JAGRAT -AVASTA","Maya’s Manifestations in the Four States of"
"2171","Tantra Eight","MID-JAGRAT -AVASTA","In Turiya, Kalas and Raga Arise"
"2172","Tantra Eight","MID-JAGRAT -AVASTA","divas Grope Their Way Back to Sakala Jagrat State"
"2173","Tantra Eight","MID-JAGRAT -AVASTA","Seated in the Body, Jiva Experiences"
"2174","Tantra Eight","MID-JAGRAT -AVASTA","God Placed the Twenty-Five Tattvas for Jiva"
"2175","Tantra Eight","MID-JAGRAT -AVASTA","Vedanta School Reckons Tattvas Differently As"
"2176","Tantra Eight","MID-JAGRAT -AVASTA","Practise Yoga"
"2177","Tantra Eight","MID-JAGRAT -AVASTA","~ Yoga-Brings Rapture"
"2178","Tantra Eight","MID-JAGRAT -AVASTA","Nandi Guides and Witnesses All"
"2179","Tantra Eight","MID-JAGRAT -AVASTA","Tattvas Are Reckoned As Twenty-Eight In Yet"
"2180","Tantra Eight","MID-JAGRAT -AVASTA","Letter-Sound ""A"" is Primal Tattva (Truth)"
"2181","Tantra Eight","MID-JAGRAT -AVASTA","Jiva Alone is the Sentient Being"
"2182","Tantra Eight","MID-JAGRAT -AVASTA","The ninety-six in turn"
"2183","Tantra Eight","MID-JAGRAT -AVASTA","Number of Malas for the Five Gods"
"2184","Tantra Eight","ADHVAS -(HIGHER STEPS)","The Six Higher Steps"
"2185","Tantra Eight","ADHVAS -(HIGHER STEPS)","Ascend Beyond the Three Spheres"
"2186","Tantra Eight","ADHVAS -(HIGHER STEPS)","The Fifth State of Turiyatita"
"2187","Tantra Eight","SUDDHA JAGRAT AND OTHER STATES","Bindu Power Permeates Tattvas"
"2188","Tantra Eight","SUDDHA JAGRAT AND OTHER STATES","Progression of the States of Consciousness"
"2189","Tantra Eight","SUDDHA JAGRAT AND OTHER STATES","Charya, Kriya, Yoga and Jnana — Where They Lead"
"2190","Tantra Eight","SUDDHA JAGRAT AND OTHER STATES","Evolutes of Paraparam"
"2191","Tantra Eight","SUDDHA JAGRAT AND OTHER STATES","Jiva Ascends These evolutes to Reach Paraparam"
"2192","Tantra Eight","SUDDHA JAGRAT AND OTHER STATES","Malas Inherent to Jiva"
"2193","Tantra Eight","SUDDHA JAGRAT AND OTHER STATES","Lord is the Cow-Herd (Pasupati); Jiva the Cow (Pasu)"
"2194","Tantra Eight","SUDDHA JAGRAT AND OTHER STATES","Jiva a Prey to Tattvas and Pasas"
"2195","Tantra Eight","SUDDHA JAGRAT AND OTHER STATES","Limitations of Experiences in the Five States of"
"2196","Tantra Eight","SUDDHA JAGRAT AND OTHER STATES","Turiyatita State Experiences no Dream"
"2197","Tantra Eight","SUDDHA JAGRAT AND OTHER STATES","Tattvas Acting in Waking, Dream and Deep Sleep"
"2198","Tantra Eight","SUDDHA JAGRAT AND OTHER STATES","In Turiya Maya Leaves and Jiva Merges in Bindu"
"2199","Tantra Eight","SUDDHA JAGRAT AND OTHER STATES","In Turiyatita Jiva Becomes Knower and Passes"
"2200","Tantra Eight","SUDDHA JAGRAT AND OTHER STATES","Tattvas and Their Centres of Action, During the"
"2201","Tantra Eight","SUDDHA JAGRAT AND OTHER STATES","Tattvas of the Subtle Body in the Five States of"
"2202","Tantra Eight","SUDDHA JAGRAT AND OTHER STATES","Experiences in the Five States of Consciousness"
"2203","Tantra Eight","SUDDHA JAGRAT AND OTHER STATES","Four Inner States of the Dream State"
"2204","Tantra Eight","SUDDHA JAGRAT AND OTHER STATES","Sushupti and Its Inner Divisions"
"2205","Tantra Eight","SUDDHA JAGRAT AND OTHER STATES","Turiya and Its Inner Divisions"
"2206","Tantra Eight","SUDDHA JAGRAT AND OTHER STATES","Jiva-knowledge in Relation to Para-Knowledge in"
"2207","Tantra Eight","SUDDHA JAGRAT AND OTHER STATES","diva’s Experiences in Turiya State"
"2208","Tantra Eight","SUDDHA JAGRAT AND OTHER STATES","Tattvas in the Inner Divisions of Turiya State"
"2209","Tantra Eight","SUDDHA JAGRAT AND OTHER STATES","New Knowledge"
"2210","Tantra Eight","SUDDHA JAGRAT AND OTHER STATES","Immanence of Sakti and Siva"
"2211","Tantra Eight","SUDDHA JAGRAT AND OTHER STATES","Raison D’Etre of Creation"
"2212","Tantra Eight","SUDDHA JAGRAT AND OTHER STATES","Jagrat-atita State Leads to Turiya-In-Turiya (Para Turiya)"
"2213","Tantra Eight","SUDDHA JAGRAT AND OTHER STATES","Mala-Contamination is Root of All Evil"
"2214","Tantra Eight","SUDDHA JAGRAT AND OTHER STATES","Enemies of Thought For God"
"2215","Tantra Eight","SUDDHA JAGRAT AND OTHER STATES","Give Up Distractions and Take to the True Way"
"2216","Tantra Eight","SUDDHA JAGRAT AND OTHER STATES","diva Devoid of Thought in Sushupti"
"2217","Tantra Eight","SUDDHA JAGRAT AND OTHER STATES","Evolution of Jiva to Para State"
"2218","Tantra Eight","SUDDHA JAGRAT AND OTHER STATES","Further Evolution to Primal Light"
"2219","Tantra Eight","SUDDHA JAGRAT AND OTHER STATES","Lord is Within"
"2220","Tantra Eight","SUDDHA JAGRAT AND OTHER STATES","The Dawn of Light Within in Yoga"
"2221","Tantra Eight","SUDDHA JAGRAT AND OTHER STATES","I Saw Him Within In the Nine Centres"
"2222","Tantra Eight","SUDDHA JAGRAT AND OTHER STATES","Kundalini Yoga Experience"
"2223","Tantra Eight","SUDDHA JAGRAT AND OTHER STATES","God is Inward Where the Five Sense Controlled"
"2224","Tantra Eight","SUDDHA JAGRAT AND OTHER STATES","Lord is the Knower; He makes the Jiva Experience"
"2225","Tantra Eight","SUDDHA JAGRAT AND OTHER STATES","Turiya in Turiya is Para Turiya; Beyond is"
"2226","Tantra Eight","SUDDHA JAGRAT AND OTHER STATES","Seek Para Turiya and Reach Siva’s State"
"2227","Tantra Eight","KEVALA, SAKALA, SUDDHA","Sat, Asat and Sat-Asat Nature of Suddha, Kevala,"
"2228","Tantra Eight","KEVALA, SAKALA, SUDDHA","Importance of Self-Cognition-Suddha State"
"2229","Tantra Eight","KEVALA, SAKALA, SUDDHA","Evolution of the Sakala State of the Soul"
"2230","Tantra Eight","KEVALA, SAKALA, SUDDHA","Who Are the Sakalas?"
"2231","Tantra Eight","KEVALA, SAKALA, SUDDHA","Who Are the Pralayakalas"
"2232","Tantra Eight","KEVALA, SAKALA, SUDDHA","Who Are the Vijnanakalas"
"2233","Tantra Eight","KEVALA, SAKALA, SUDDHA","Suddha or Pure State"
"2234","Tantra Eight","KEVALA, SAKALA, SUDDHA","Four Divisions of Vijnanakalas"
"2235","Tantra Eight","KEVALA, SAKALA, SUDDHA","When is Suddha State Reached?"
"2236","Tantra Eight","KEVALA, SAKALA, SUDDHA","How Suddha State is Reached"
"2237","Tantra Eight","KEVALA, SAKALA, SUDDHA","Knowledge of Self in Turiya Leads to Suddha State"
"2238","Tantra Eight","KEVALA, SAKALA, SUDDHA","Involution of Tattvas After Jiva Reaches Suddha"
"2239","Tantra Eight","KEVALA, SAKALA, SUDDHA","Involution of Tattvas Further Explained"
"2240","Tantra Eight","KEVALA, SAKALA, SUDDHA","Souls are Ranked According to the Number of"
"2241","Tantra Eight","KEVALA, SAKALA, SUDDHA","Further explained"
"2242","Tantra Eight","KEVALA, SAKALA, SUDDHA","Sakalas in Vijnanakalas"
"2243","Tantra Eight","KEVALA, SAKALA, SUDDHA","Pralayakalas — 108 Rudras"
"2244","Tantra Eight","KEVALA, SAKALA, SUDDHA","Sakalas Have All Three Malas"
"2245","Tantra Eight","KEVALA, SAKALA, SUDDHA","Rid of Malas, Souls Become Suddhas"
"2246","Tantra Eight","KEVALA, SAKALA, SUDDHA","Gradations of Suddha States — Suddha-Kevala,"
"2247","Tantra Eight","KEVALA, SAKALA, SUDDHA","Suddha-Kevala-Mukti State Described"
"2248","Tantra Eight","KEVALA, SAKALA, SUDDHA","Pralayakalas That Are Suddhas Among Sakalas"
"2249","Tantra Eight","KEVALA, SAKALA, SUDDHA","Nine Subtle Divisions For the Soul in the Three"
"2250","Tantra Eight","KEVALA, SAKALA, SUDDHA","Kevala State Subdivisions for Jiva"
"2251","Tantra Eight","KEVALA, SAKALA, SUDDHA","Sakala State Subdivisions for Jiva"
"2252","Tantra Eight","KEVALA, SAKALA, SUDDHA","Suddha State Subdivisions for Jiva"
"2253","Tantra Eight","KEVALA, SAKALA, SUDDHA","Bliss of Jagratatita State"
"2254","Tantra Eight","KEVALA, SAKALA, SUDDHA","In Jagratatita State is Upasanta"
"2255","Tantra Eight","KEVALA, SAKALA, SUDDHA","All Higher Experiences. Come to diva By God’s"
"2256","Tantra Eight","KEVALA, SAKALA, SUDDHA","Lord’s Play Takes Jiva To God-Knowledge"
"2257","Tantra Eight","KEVALA, SAKALA, SUDDHA","Sakalas Can Attain God-Knowledge"
"2258","Tantra Eight","KEVALA, SAKALA, SUDDHA","Experiences in the Five States of Consciousness"
"2259","Tantra Eight","KEVALA, SAKALA, SUDDHA","Malas for Jiva in Different States of Consciousness"
"2260","Tantra Eight","KEVALA, SAKALA, SUDDHA","Malas Restated"
"2261","Tantra Eight","KEVALA, SAKALA, SUDDHA","Condition of Sakala State"
"2262","Tantra Eight","KEVALA, SAKALA, SUDDHA","Sakala Jiva’s Journey to Suddha State"
"2263","Tantra Eight","KEVALA, SAKALA, SUDDHA","Turiyatita is the State Ultimate"
"2264","Tantra Eight","KEVALA, SAKALA, SUDDHA","Self-Realization Only in Turiya State—It Is Not"
"2265","Tantra Eight","KEVALA, SAKALA, SUDDHA","Only With Turiyatita State Birth Cycle Ends"
"2266","Tantra Eight","KEVALA, SAKALA, SUDDHA","Beyond Turiyatita is Void"
"2267","Tantra Eight","KEVALA, SAKALA, SUDDHA","36 Tattvas Reckoned as (5) Pure, (7) Pure Impure"
"2268","Tantra Eight","KEVALA, SAKALA, SUDDHA","The Journey from Kevala to Suddha Through"
"2269","Tantra Eight","PARA-AVASTA","Mystery of Parting Life From Body"
"2270","Tantra Eight","PARA-AVASTA","Saktis are Dynamic Aspects of Static Parapara"
"2271","Tantra Eight","PARA-AVASTA","Beyond Tattvas is Divine Bliss"
"2272","Tantra Eight","PARA-AVASTA","S55"
"2273","Tantra Eight","PARA-AVASTA","Beyond Turiya is Turiya-Turiya or Para Turiya; and"
"2274","Tantra Eight","PARA-AVASTA","In Para-atita Turiya State Jiva Becomes Beyond"
"2275","Tantra Eight","PARA-AVASTA","Freed of Maya, Jnana Dawns and Bliss Ensues"
"2276","Tantra Eight","PARA-AVASTA","From Turiya to Turiyatita"
"2277","Tantra Eight","PARA-AVASTA","In Turiyatita State Jiva Becomes Siva"
"2278","Tantra Eight","PARA-AVASTA","Maya Lights the Path to Turiya and The Remains"
"2279","Tantra Eight","PARA-AVASTA","Self-Realization in Turiya State is not the End"
"2280","Tantra Eight","PARA-AVASTA","Beyond Turiya State is Union in Siva"
"2281","Tantra Eight","PARA-AVASTA","Beyond Four States in Turiya is Para Turiya"
"2282","Tantra Eight","PARA-AVASTA","End of Para Turiya is Siva Turiya"
"2283","Tantra Eight","PARA-AVASTA","End of Para Turiya is Siva Turiya"
"2284","Tantra Eight","PARA-AVASTA","Beyond the Ten Avastas in Jiva Turiya, Para Turiya"
"2285","Tantra Eight","PARA-AVASTA","Further Beyond Para Siva State is Paramam"
"2286","Tantra Eight","PARA-AVASTA","Nine Manifestations of Para Siva"
"2287","Tantra Eight","PARA-AVASTA","True Knowledge"
"2288","Tantra Eight","PARA-AVASTA","End Ego-Awareness; Self is Realized;"
"2289","Tantra Eight","PARA-AVASTA","Way of Self-Realization Through Thought Process"
"2290","Tantra Eight","PARA-AVASTA","Sublimation of Thought"
"2291","Tantra Eight","PARA-AVASTA","Knowledge of Siva, Sakti and Jiva [(Si-Va-Ya)] is"
"2292","Tantra Eight","PARA-AVASTA","Experiences in Para Turiya"
"2293","Tantra Eight","PARA TURIYA AVASTA","Pure (Suddha) Experience and Supreme (ara)"
"2294","Tantra Eight","PARA TURIYA AVASTA","State of Suddha Avasta (@ure-Impure)"
"2295","Tantra Eight","PARA TURIYA AVASTA","Lord As Guru Guides the Soul’s Journey"
"2296","Tantra Eight","TRIPLE GUNAS AND NIRGUNA (SANS GUNAS)","Gunas experiences in States of Consciousness"
"2297","Tantra Eight","COSMIC DIVISIONS","Cosmic Space is God’s Seat of Throne"
"2298","Tantra Eight","COSMIC DIVISIONS","God is Principle of Bliss Beyond Tattvas"
"2299","Tantra Eight","THE ELEVENTH STATE IS ALSO AVASTA","Attainments in Higher Experience (Para Avasta)"
"2300","Tantra Eight","THE ELEVENTH STATE IS ALSO AVASTA","Tattvas Fade in the Finite Stage"
"2301","Tantra Eight","THE ELEVENTH STATE IS ALSO AVASTA","There Nandi Alone Is"
"2302","Tantra Eight","UNITING AND EXITING","Beyond Kevala, Sakala and Self-Realization States"
"2303","Tantra Eight","UNITING AND EXITING","Vision of Space"
"2304","Tantra Eight","PURE AVASTA MEVOID OF MALAS)","Merge in Silence, Senses Withdrawn"
"2305","Tantra Eight","PURE AVASTA MEVOID OF MALAS)","Experience of Higher States Brings Immortality"
"2306","Tantra Eight","PURE AVASTA MEVOID OF MALAS)","diva Son of Siva"
"2307","Tantra Eight","PURE AVASTA MEVOID OF MALAS)","In Turiya is bliss Exceeding"
"2308","Tantra Eight","PURE AVASTA MEVOID OF MALAS)","From Turiya State No Return to Tattvas"
"2309","Tantra Eight","PURE AVASTA MEVOID OF MALAS)","Yet in Turiya, Karmic Effects Are"
"2310","Tantra Eight","PURE AVASTA MEVOID OF MALAS)","In Turiyatita State All Malas Disappear Entire."
"2311","Tantra Eight","PURE AVASTA MEVOID OF MALAS)","Relapse Into Sakala State.and Redemption by Grace"
"2312","Tantra Eight","PURE AVASTA MEVOID OF MALAS)","All Are Acts of Grace"
"2313","Tantra Eight","PURE AVASTA MEVOID OF MALAS)","Power of Grace"
"2314","Tantra Eight","PURE AVASTA MEVOID OF MALAS)","In Jiva-Siva Union All Fade"
"2315","Tantra Eight","PURE AVASTA MEVOID OF MALAS)","When काठ. Becomes Pervasive as Siva"
"2316","Tantra Eight","PURE AVASTA MEVOID OF MALAS)","Attain Jnana and Enter Heavenly Home"
"2317","Tantra Eight","PURE AVASTA MEVOID OF MALAS)","Dance of Siva Seen Within"
"2318","Tantra Eight","PURE AVASTA MEVOID OF MALAS)","Self-Knowledge is True Knowledge"
"2319","Tantra Eight","PURE AVASTA MEVOID OF MALAS)","In Actionless Contemplation Divine Message Comes"
"2320","Tantra Eight","PURE AVASTA MEVOID OF MALAS)","In Samadhi Jiva Unites in Siva"
"2321","Tantra Eight","PURE AVASTA MEVOID OF MALAS)","Pedda or Jiva Mukti"
"2322","Tantra Eight","PURE AVASTA MEVOID OF MALAS)","diva Knowledge is Doubt-Tossed; Siva Knowledge"
"2323","Tantra Eight","PURE AVASTA MEVOID OF MALAS)","By Grace Jiva Becomes Knower"
"2324","Tantra Eight","PURE AVASTA MEVOID OF MALAS)","Jnana Siva and Jnana Sakti Appeared"
"2325","Tantra Eight","PURE AVASTA MEVOID OF MALAS)","Love, Jnana, and Bliss of Siva-Sakti"
"2326","Tantra Eight","PURE AVASTA MEVOID OF MALAS)","Mahavakyam—Samadhi Jnana Finite"
"2327","Tantra Eight","PURE AVASTA MEVOID OF MALAS)","Tell Them, Who Know and Yet Know Not"
"2328","Tantra Eight","PURE AVASTA MEVOID OF MALAS)","Suddhas Reach Mauna State"
"2329","Tantra Eight","PURE AVASTA MEVOID OF MALAS)","Higher Knowledge is Beyond Self-Knowledge"
"2330","Tantra Eight","PURE AVASTA MEVOID OF MALAS)","Tattva-Knowledge and Attain"
"2331","Tantra Eight","PURE AVASTA MEVOID OF MALAS)","Self-Knowledge Leads to Jnana-Mudra"
"2332","Tantra Eight","PURE AVASTA MEVOID OF MALAS)","Maunis Receive Jnana Mudra"
"2333","Tantra Eight","PURE AVASTA MEVOID OF MALAS)","Lord Acts From Within Jiva"
"2334","Tantra Eight","PURE AVASTA MEVOID OF MALAS)","Siva Acting Through Mayas is Eternal and Beyond"
"2335","Tantra Eight","PURE AVASTA MEVOID OF MALAS)","Lord Who is Beyond-Beyond is Yet Life of Life"
"2336","Tantra Eight","PURE AVASTA MEVOID OF MALAS)","Scorch Desires Worldly"
"2337","Tantra Eight","PURE AVASTA MEVOID OF MALAS)","Rid of Malas"
"2338","Tantra Eight","PURE AVASTA MEVOID OF MALAS)","All Acts Are of Lord’s Grace"
"2339","Tantra Eight","PURE AVASTA MEVOID OF MALAS)","Wealth of Holiness Leads to Union in Siva"
"2340","Tantra Eight","PURE AVASTA MEVOID OF MALAS)","Knowledge of What is God’s What is World’s"
"2341","Tantra Eight","PURE AVASTA MEVOID OF MALAS)","Grace of Sakti Leads to Siva"
"2342","Tantra Eight","PURE AVASTA MEVOID OF MALAS)","States of Grace-Receiving Differ"
"2343","Tantra Eight","PURE AVASTA MEVOID OF MALAS)","All Forms of Knowledge Proceed From Grace"
"2344","Tantra Eight","PURE AVASTA MEVOID OF MALAS)","Play of Hara’s Grace"
"2345","Tantra Eight","PURE AVASTA MEVOID OF MALAS)","When Tattvas Are Transcended, Grace Descends"
"2346","Tantra Eight","PURE AVASTA MEVOID OF MALAS)","Mount the Steed of Sivajnana and Reach God"
"2347","Tantra Eight","PURE AVASTA MEVOID OF MALAS)","The Evolved Souls Who Reached Siva’s Grace"
"2348","Tantra Eight","PURE AVASTA MEVOID OF MALAS)","Suddha State Knows No “1”? and ‘‘He’’ Difference"
"2349","Tantra Eight","PURE AVASTA MEVOID OF MALAS)","Seek Siva Within the Self"
"2350","Tantra Eight","PURE AVASTA MEVOID OF MALAS)","Go and Seek Siva in the Proper Way"
"2351","Tantra Eight","PURE AVASTA MEVOID OF MALAS)","God 15 Immanent and Yet diva Sees not"
"2352","Tantra Eight","PURE AVASTA MEVOID OF MALAS)","Think of Siva and Draw Like Him"
"2353","Tantra Eight","PURE AVASTA MEVOID OF MALAS)","Divine Swan Becoming"
"2354","Tantra Eight","PURE AVASTA MEVOID OF MALAS)","Limits of-Human Knowledge"
"2355","Tantra Eight","DAWN OF JNANA","Importance of Self-Knowledge"
"2356","Tantra Eight","DAWN OF JNANA","Lord on His Celestial Throne"
"2357","Tantra Eight","DAWN OF JNANA","Siva's Form is Jnana"
"2358","Tantra Eight","DAWN OF JNANA","Jnana Alone Knows Jnana"
"2359","Tantra Eight","DAWN OF JNANA","Seat of Jnana Within"
"2360","Tantra Eight","DAWN OF JNANA","Lord Blessed Me"
"2361","Tantra Eight","DAWN OF JNANA","diva jnana is Siva jnana"
"2362","Tantra Eight","DAWN OF JNANA","Dividing Line Between Knowledge and Ignorance"
"2363","Tantra Eight","DAWN OF JNANA","Transcend Knowledge and Ignorance and Reach"
"2364","Tantra Eight","DAWN OF JNANA","Heart of Jnani"
"2365","Tantra Eight","DAWN OF JNANA","Siva Stands Close to Jiva"
"2366","Tantra Eight","DAWN OF JNANA","Know Self and Be With God"
"2367","Tantra Eight","DAWN OF JNANA","Seek Pure Lamp"
"2368","Tantra Eight","DAWN OF JNANA","Seek God"
"2369","Tantra Eight","DAWN OF JNANA","Jiva’s Journey to Liberation is Lord’s Play"
"2370","Tantra Eight","THE SIX ESSENCES","Six Ends Ultimate"
"2371","Tantra Eight","THE SIX ESSENCES","Souls Rid of Malas Will Know the Six Essences"
"2372","Tantra Eight","THE SIX ESSENCES","Essences of Vedanta and Siddhanta"
"2373","Tantra Eight","THE SIX ESSENCES","Truth of Siddhanta"
"2374","Tantra Eight","THE SIX ESSENCES","The Ultimate State in Jiva’s Journey"
"2375","Tantra Eight","THE SIX ESSENCES","Nadanta Bodhanta States"
"2376","Tantra Eight","THE SIX ESSENCES","Yoganta State"
"2377","Tantra Eight","THE SIX ESSENCES","Kalanta State"
"2378","Tantra Eight","THE SIX ESSENCES","Five Other Ways Dear to Siva"
"2379","Tantra Eight","THE SIX ESSENCES","Tantra, Mantra Upadesa"
"2380","Tantra Eight","THE SIX ESSENCES","Jnana -"
"2381","Tantra Eight","THE SIX ESSENCES","Serenity in Samadhi"
"2382","Tantra Eight","THE SIX ESSENCES","The Six Ends Merge in Jnana"
"2383","Tantra Eight","THE SIX ESSENCES","Of the Kalai Sixteen"
"2384","Tantra Eight","THE SIX ESSENCES","Lord Revealed Truth of Vedanta-Siddhanta"
"2385","Tantra Eight","THE SIX ESSENCES","The Truth of Vedanta-Siddhanta is the Truth of"
"2386","Tantra Eight","THE SIX ESSENCES","Vedanta and Siddhanta Know No Differences"
"2387","Tantra Eight","THE SIX ESSENCES","Tvampada, Tatpada, Asipada Goals"
"2388","Tantra Eight","CAUSAL (KARANA) UPADHIS","Transcendental Nature of Siva"
"2389","Tantra Eight","CAUSAL (KARANA) UPADHIS","Lord Engrosses All Existence"
"2390","Tantra Eight","CAUSAL (KARANA) UPADHIS","God is Ones Formless Being"
"2391","Tantra Eight","CAUSAL (KARANA) UPADHIS","Siva’s Concern For His Devotees"
"2392","Tantra Eight","CAUSAL (KARANA) UPADHIS","Tvam Pada, Tat Pada, Asi Pada (Sayujya)"
"2393","Tantra Eight","CAUSAL (KARANA) UPADHIS","Of the Six Ends Vedanta and Siddhanta Alone Show"
"2394","Tantra Eight","CAUSAL (KARANA) UPADHIS","Jivan Mukti in Siddhanta"
"2395","Tantra Eight","CAUSAL (KARANA) UPADHIS","Beyond Jiva Turiya and Para Turiya is Siva Turiya"
"2396","Tantra Eight","CAUSAL (KARANA) UPADHIS","All States Are Tattvas or Steps Only to"
"2397","Tantra Eight","CAUSAL (KARANA) UPADHIS","Veda and Agama Alike Revealed by God"
"2398","Tantra Eight","CAUSAL (KARANA) UPADHIS","Beyond Bliss of Voids is the Bliss of Siva Dance"
"2399","Tantra Eight","CAUSAL (KARANA) UPADHIS","Kalanta Leads to Siva as Panchantaka"
"2400","Tantra Eight","CAUSAL (KARANA) UPADHIS","Beyond Kalanta Vedanta-Siddhanta Leads to"
"2401","Tantra Eight","CAUSAL (KARANA) UPADHIS","Truth of Vedanta is Jiva Mingling in Siva"
"2402","Tantra Eight","CAUSAL (KARANA) UPADHIS","Tvam -Tat-Asi State is Goal of Vedanta Siddhanta"
"2403","Tantra Eight","CAUSAL (KARANA) UPADHIS","Siddhanta Agamas Are Filled With Vedic Wisdom"
"2404","Tantra Eight","CAUSAL (KARANA) UPADHIS","Out of Vedas and Agamas Evolved"
"2405","Tantra Eight","PATI-PASU-PASAM NON-DIFFERENCE","Pati, Pasu, and Pasam—All Three Eternal"
"2406","Tantra Eight","PATI-PASU-PASAM NON-DIFFERENCE","When Pasas Leave"
"2407","Tantra Eight","PATI-PASU-PASAM NON-DIFFERENCE","Prayer Takes Jiva to States Beyond Three Pasas"
"2408","Tantra Eight","PATI-PASU-PASAM NON-DIFFERENCE","Why Pasas—To Seek God"
"2409","Tantra Eight","PATI-PASU-PASAM NON-DIFFERENCE","After Pasas Atita Plane"
"2410","Tantra Eight","PATI-PASU-PASAM NON-DIFFERENCE","To Freedom Eternal From Bondage Eternal"
"2411","Tantra Eight","PATI-PASU-PASAM NON-DIFFERENCE","Relationship Symbolised in"
"2412","Tantra Eight","PATI-PASU-PASAM NON-DIFFERENCE","Lord Teaches Truth of Pasu-Pasam"
"2413","Tantra Eight","PATI-PASU-PASAM NON-DIFFERENCE","Lord Placed PaficPasu-Pasam Truth in Suddha"
"2414","Tantra Eight","PATI-PASU-PASAM NON-DIFFERENCE","The Three Classes of Jivas Created According to Degrees of Knowledge"
"2415","Tantra Eight","PATI-PASU-PASAM NON-DIFFERENCE","How Pasas Arise in the Order of Creation"
"2416","Tantra Eight","PATI-PASU-PASAM NON-DIFFERENCE","Creation Continues"
"2417","Tantra Eight","PATI-PASU-PASAM NON-DIFFERENCE","Creation Further Continued"
"2418","Tantra Eight","PATI-PASU-PASAM NON-DIFFERENCE","Five Acts Eternal"
"2419","Tantra Eight","PATI-PASU-PASAM NON-DIFFERENCE","Creation of Tattvas"
"2420","Tantra Eight","PATI-PASU-PASAM NON-DIFFERENCE","Creation of Experiences for diva"
"2421","Tantra Eight","PATI-PASU-PASAM NON-DIFFERENCE","Anava Gives Longing for Pleasures and Maya"
"2422","Tantra Eight","PATI-PASU-PASAM NON-DIFFERENCE","Grace Works Out Purity"
"2423","Tantra Eight","PATI-PASU-PASAM NON-DIFFERENCE","Pati-Pasam Leads to Pasu-Pati"
"2424","Tantra Eight","PATI-PASU-PASAM NON-DIFFERENCE","Siva-Guru Teaches the Four Rishis"
"2425","Tantra Eight","HEAD-AND-FOOT KNOWLEDGE","Feet are Grace; Head is Jnana"
"2426","Tantra Eight","HEAD-AND-FOOT KNOWLEDGE","Head and Feet Are Within"
"2427","Tantra Eight","HEAD-AND-FOOT KNOWLEDGE","Greatness of Feet"
"2428","Tantra Eight","HEAD-AND-FOOT KNOWLEDGE","Only By God’s Grace Jiva Can Know Him"
"2429","Tantra Eight","HEAD-AND-FOOT KNOWLEDGE","Lord Gave Jnana and Mantra"
"2430","Tantra Eight","HEAD-AND-FOOT KNOWLEDGE","Wait and Pray; Lord Will Come to You"
"2431","Tantra Eight","HEAD-AND-FOOT KNOWLEDGE","Grace is Granted According to Degree of Devotion"
"2432","Tantra Eight","HEAD-AND-FOOT KNOWLEDGE","Go the Intense Way and Behold Lord’s Feet Even"
"2433","Tantra Eight","HEAD-AND-FOOT KNOWLEDGE","Grace Leads to Holy State"
"2434","Tantra Eight","HEAD-AND-FOOT KNOWLEDGE","God’s Love For Man"
"2435","Tantra Eight","THREE BLEMISHES","The Truly Liberated"
"2436","Tantra Eight","THREE BLEMISHES","Experiences in Liberation"
"2437","Tantra Eight","THREE STATES (PADAS) OF REALIZATION","The Three States Lead to Siva-Becoming"
"2438","Tantra Eight","THREE STATES (PADAS) OF REALIZATION","Tvam-Pada is Beyond Nadanta State"
"2439","Tantra Eight","THREE STATES (PADAS) OF REALIZATION","Siva is Beyond the Three Padas"
"2440","Tantra Eight","THREE STATES (PADAS) OF REALIZATION","Asi-Pada Experience"
"2441","Tantra Eight","THREE STATES (PADAS) OF REALIZATION","Tvam-Tat-Asi"
"2442","Tantra Eight","THREE STATES (PADAS) OF REALIZATION","Yoga Way Also Leads to the Three States"
"2443","Tantra Eight","THREE STATES (PADAS) OF REALIZATION","Turiyatita Experience"
"2444","Tantra Eight","THREE STATES (PADAS) OF REALIZATION","TANTRA -EIGHT 381"
"2445","Tantra Eight","THREE PARAS","Parallel Yoga Way"
"2446","Tantra Eight","THREE PARAS","Lord Appears in love in Para Turiya"
"2447","Tantra Eight","THREE PARAS","Beyond Para is Parasiva"
"2448","Tantra Eight","TSI","Seek Lord in Intense Divine Desire and Become Siva"
"2449","Tantra Eight","TSI","Pati-Pasam Leads to Para, Para Siva and Para"
"2450","Tantra Eight","TSI","Beyond Kalanta is Tat-Para State (God-Union and"
"2451","Tantra Eight","TSI","In- Tat-Para Union is Aum"
"2452","Tantra Eight","ATTRIBUTES OF PARA","Para Jiva that Had Become Tat-Para, Jiva, Now"
"2453","Tantra Eight","ATTRIBUTES OF PARA","Yet Jnana (Full) without; Jiva’s Purification"
"2454","Tantra Eight","ATTRIBUTES OF PARA","He Dances in Space and Lurks Inside the Deep Well of Pranava"
"2455","Tantra Eight","ATTRIBUTES OF PARA","Jiva's Purification"
"2456","Tantra Eight","ATTRIBUTES OF PARA","He Dances in Space and Lurks Inside the Deep Well"
"2457","Tantra Eight","ATTRIBUTES OF PARA","After Self-Realization is the Light Where No Self"
"2458","Tantra Eight","ATTRIBUTES OF PARA","Siva’s Immanence and Transcendence"
"2459","Tantra Eight","ATTRIBUTES OF PARA","Sakti Manifestations"
"2460","Tantra Eight","ATTRIBUTES OF PARA","Bindu Sakti Imparts Power to Cognitive Organs"
"2461","Tantra Eight","ATTRIBUTES OF PARA","Maya, Little Light Leading to Great Light"
"2462","Tantra Eight","ATTRIBUTES OF PARA","Lord is Splendorous Light in the Space Beyond"
"2463","Tantra Eight","ATTRIBUTES OF PARA","Risk to Suddha State Even in Turiyatita"
"2464","Tantra Eight","ATTRIBUTES OF PARA","Pervasive Sakti is Pervasive Siva’s Form"
"2465","Tantra Eight","ATTRIBUTES OF PARA","Contemplate in Yogic Way"
"2466","Tantra Eight","THREE TURIYAS","Three Turiyas—Jiva, Para and Siva; and Their"
"2467","Tantra Eight","THREE TURIYAS","States of Consciousness in the Three Turiyas"
"2468","Tantra Eight","THREE TURIYAS","Ten States of Consciousness in All—In the Three"
"2469","Tantra Eight","SIVA TURTYA","At the End of Ten is Union in Para Para"
"2470","Tantra Eight","SIVA TURTYA","If You Cannot Reach Turiya Land, Persevere Still"
"2471","Tantra Eight","SIVA TURTYA","The Holy Way"
"2472","Tantra Eight","SIVA TURTYA","From Jiva Turiya to Para Turiya"
"2473","Tantra Eight","SIVA TURTYA","On to the Third Turiya"
"2474","Tantra Eight","THREE MUKTIS","The Three Muktis Are Direct Experiences With"
"2475","Tantra Eight","THREE MUKTIS","Mukti is the Goal of Being One With Siva"
"2476","Tantra Eight","THREE MUKTIS","Way of So-Ham"
"2477","Tantra Eight","THREE MUKTIS","All Attainments, Work of Lord"
"2478","Tantra Eight","TRIPLE SVARUPA","Beyond Triple Muktis is God"
"2479","Tantra Eight","TRIPLE SVARUPA","Light in the Three Mansions"
"2480","Tantra Eight","TRIPLE SVARUPA","Lord’s Vastness"
"2481","Tantra Eight","TRIPLE SVARUPA","God’s Multiple Forms"
"2482","Tantra Eight","TRIPLE SVARUPA","Jiva Shines in Triple Mukti"
"2483","Tantra Eight","TRIPLE SVARUPA","Beyond Triple Mukti-is Mudra: of Jnana"
"2484","Tantra Eight","TRIPLE SVARUPA","Kundalini Yoga"
"2485","Tantra Eight","MUKKARANAM","diva, Para and Siva Are One in Three 012:"
"2486","Tantra Eight","MUKKARANAM","How to Reach Siva State"
"2487","Tantra Eight","MUKKARANAM","Unmani Sakti Takes Over"
"2488","Tantra Eight","THREE SPACES AND TVAM-TAT-ASI","Tvam-Tat-Asi"
"2489","Tantra Eight","THREE SPACES AND TVAM-TAT-ASI","Siva Appears Beyond Tvam-Tat-Asi"
"2490","Tantra Eight","THREE SPACES AND TVAM-TAT-ASI","Tvam-Tat-Asi Becomes Tat-Tvam-Asi"
"2491","Tantra Eight","THREE SPACES AND TVAM-TAT-ASI","As Tatvamasi, Practise Yoga"
"2492","Tantra Eight","THREE SPACES AND TVAM-TAT-ASI","Tvam-Tat-Asi is Grand Vakya"
"2493","Tantra Eight","THREE SPACES AND TVAM-TAT-ASI","Jiva in Different Places and Times"
"2494","Tantra Eight","THREE SPACES AND TVAM-TAT-ASI","The Three Turiyas in the Three Letters A, U, M"
"2495","Tantra Eight","THREE SPACES","Beyond Three Spaces—Maya, Bodha and Upasanta"
"2496","Tantra Eight","THREE SPACES","Tat-Tvam-Asi End of Space Three"
"2497","Tantra Eight","THREE SPACES","Lord is in the Space Beyond the Three Spaces"
"2498","Tantra Eight","THREE SPACES","Paraparam is a Wondrous Land"
"2499","Tantra Eight","THREE SPACES","Import of Si-Va-Ya-Na-Ma"
"2500","Tantra Eight","THREE SPACES","Beyond Thought and Form is Truth"
"2501","Tantra Eight","CAUSED-CAUSAL EXPERIENCES","Transcend All Experiences, Caused and Causal"
"2502","Tantra Eight","CAUSED-CAUSAL EXPERIENCES","Final Goal is in Sushupti—Beyond Experiences"
"2503","Tantra Eight","CAUSED-CAUSAL EXPERIENCES","Interpretation of A-U-M (Aum) and Si-Va-Ya"
"2504","Tantra Eight","CAUSED-CAUSAL EXPERIENCES","Anava (-ness) leaves only By Grace"
"2505","Tantra Eight","CAUSED-CAUSAL EXPERIENCES","Paraparan is in Space Beyond Experiences"
"2506","Tantra Eight","UPASANTAM","Seeds Four’"
"2507","Tantra Eight","UPASANTAM","When Upasanta is"
"2508","Tantra Eight","UPASANTAM","Upasanta in Siva Turiya"
"2509","Tantra Eight","UPASANTAM","Beyond Jiva Turiya and Para Turiya is Upasanta"
"2510","Tantra Eight","UPASANTAM","Upasanta State—The Tenth State"
"2511","Tantra Eight","UPASANTAM","Shore Beyond"
"2512","Tantra Eight","REFRAINING FROM VAIN SPEECH","You Can See Lord Only if You Hold Him in Your"
"2513","Tantra Eight","REFRAINING FROM VAIN SPEECH","Lord is Remote and Near"
"2514","Tantra Eight","REFRAINING FROM VAIN SPEECH","Perform Tapas"
"2515","Tantra Eight","REFRAINING FROM VAIN SPEECH","Seek and Be in Bliss"
"2516","Tantra Eight","REFRAINING FROM VAIN SPEECH","Contemplate on Him"
"2517","Tantra Eight","REFRAINING FROM VAIN SPEECH","Adore Him jn All Ways"
"2518","Tantra Eight","REFRAINING FROM VAIN SPEECH","He is Pervasive Knowledge"
"2519","Tantra Eight","REFRAINING FROM VAIN SPEECH","Think of Him Continuously"
"2520","Tantra Eight","REFRAINING FROM VAIN SPEECH","He is of Infinite Grace"
"2521","Tantra Eight","REFRAINING FROM VAIN SPEECH","Witness Dance of Siva"
"2522","Tantra Eight","REFRAINING FROM VAIN SPEECH","God Vision in Yoga Way"
"2523","Tantra Eight","REFRAINING FROM VAIN SPEECH","Vision of Lord Within"
"2524","Tantra Eight","REFRAINING FROM VAIN SPEECH","State of Quiescence"
"2525","Tantra Eight","REFRAINING FROM VAIN SPEECH","Siva Siddha State"
"2526","Tantra Eight","REFRAINING FROM VAIN SPEECH","Siddhas Are Like Sadasiva Himself"
"2527","Tantra Eight","SPHERE","Gods in the Eight Cardinal Points of Earth’"
"2528","Tantra Eight","SPHERE","The Eight Petalled Lotus in Sahasrara"
"2529","Tantra Eight","SPHERE","How the Eight Petalled Lotus Opens"
"2530","Tantra Eight","SPHERE","Siva-Sakti in Eight-Petalled Lotus"
"2531","Tantra Eight","SPHERE","He Blooms Within Petals Eight"
"2532","Tantra Eight","SPHERE","Centres Beyond Seventh are Formless States"
"2533","Tantra Eight","SPHERE","God is Timeless Eternity"
"2534","Tantra Eight","SPHERE","Seek Him Wherever He is"
"2535","Tantra Eight","SPHERE","The Eight-Petalled Bloom is Dear to Siva"
"2536","Tantra Eight","SPHERE","Holy Jivas Ever Think of God"
"2537","Tantra Eight","NINE AVASTAS AND NINE ASPIRANTS","Souls in the Three Mukti States"
"2538","Tantra Eight","NINE AVASTAS AND NINE ASPIRANTS","Beyond Ninth State"
"2539","Tantra Eight","NINE AVASTAS AND NINE ASPIRANTS","Dawn of Sivajnana"
"2540","Tantra Eight","NINE AVASTAS AND NINE ASPIRANTS","Nine Avasta Cluster Beyond"
"2541","Tantra Eight","NINE AVASTAS AND NINE ASPIRANTS","Lord Spoke of Nine States"
"2542","Tantra Eight","NINE AVASTAS AND NINE ASPIRANTS","Many Paths to God"
"2543","Tantra Eight","NINE AVASTAS AND NINE ASPIRANTS","Nine Super Tattva Cluster"
"2544","Tantra Eight","NINE AVASTAS AND NINE ASPIRANTS","Grace Abounding"
"2545","Tantra Eight","NINE AVASTAS AND NINE ASPIRANTS","-Goal of Siddhanta Philosophy"
"2546","Tantra Eight","SUDDHA-ASUDDHAM","Mystery of Lord’s Abode"
"2547","Tantra Eight","SUDDHA-ASUDDHAM","Away From Karmas"
"2548","Tantra Eight","SUDDHA-ASUDDHAM","Make Maya Vanish"
"2549","Tantra Eight","SUDDHA-ASUDDHAM","Kechari Mudra in Kundalini Yoga"
"2550","Tantra Eight","SUDDHA-ASUDDHAM","Lord is Within; Seek Him not Elsewhere"
"2551","Tantra Eight","SUDDHA-ASUDDHAM","Mystery of Muladhara"
"2552","Tantra Eight","SUDDHA-ASUDDHAM","Muladhara is not Unclean"
"2553","Tantra Eight","SUDDHA-ASUDDHAM","When Purity Real Begins"
"2554","Tantra Eight","SUDDHA-ASUDDHAM","Lord is Real Pure"
"2555","Tantra Eight","SUDDHA-ASUDDHAM","Purity in Silence"
"2556","Tantra Eight","SUDDHA-ASUDDHAM","Adore Lord and Receive Grace"
"2557","Tantra Eight","SUDDHA-ASUDDHAM","Renounce Karma and Be Liberated"
"2558","Tantra Eight","SCORN OF MUKTI","Deny Not God"
"2559","Tantra Eight","SCORN OF MUKTI","Follow Guru"
"2560","Tantra Eight","SCORN OF MUKTI","God Responds to Devotion"
"2561","Tantra Eight","SCORN OF MUKTI","Lord is the Haven for Soul’s Ship"
"2562","Tantra Eight","SCORN OF MUKTI","They Seek Him Not—The Witless Ones"
"2563","Tantra Eight","SCORN OF MUKTI","They See Him Not"
"2564","Tantra Eight","SCORN OF MUKTI","Seek God Within Through Kundalini Yoga"
"2565","Tantra Eight","SCORN OF MUKTI","Men of Evil Fate do not Practise Devotion"
"2566","Tantra Eight","LAKSHANA TRAYAM","diva State Beyond the Ninth Defies Expression"
"2567","Tantra Eight","LAKSHANA TRAYAM","Reaching the Goal in One Shot"
"2568","Tantra Eight","TATTVAMASIVAKYAM","Tat-Tvam-Asi is Beyond the Three Muktis"
"2569","Tantra Eight","TATTVAMASIVAKYAM","Beyond Experiences in the Three Suddha States"
"2570","Tantra Eight","TATTVAMASIVAKYAM","Confluence of Three States Jiva, Para and Siva"
"2571","Tantra Eight","TATTVAMASIVAKYAM","Tat-Tvam-Asi of Vedanta is the Same as"
"2572","Tantra Eight","TATTVAMASIVAKYAM","Param-Param State Beyond Triple Turiya ."
"2573","Tantra Eight","TATTVAMASIVAKYAM","Beyond Jiva, Para and Siva States"
"2574","Tantra Eight","TATTVAMASIVAKYAM","Supreme Awareness Beyond Siva Turiya State"
"2575","Tantra Eight","TATTVAMASIVAKYAM","Beyond Suddha Upasanta and Siva States"
"2576","Tantra Eight","TATTVAMASIVAKYAM","Nature of Confluent State’ in Tat-Tvam-Asi"
"2577","Tantra Eight","TATTVAMASIVAKYAM","Mahavakyam: You Become That"
"2578","Tantra Eight","TATTVAMASIVAKYAM","From Jiva to ‘“‘Aum’’—Five Stages"
"2579","Tantra Eight","TATTVAMASIVAKYAM","The Five Lights in the Body in Yoga"
"2580","Tantra Eight","TATTVAMASIVAKYAM","Adoration Way to Reach Goal"
"2581","Tantra Eight","TATTVAMASIVAKYAM","Knowledge Comes Only. if God. Makes Us Know"
"2582","Tantra Eight","TATTVAMASIVAKYAM","diva Becomes Para and then Siva"
"2583","Tantra Eight","TATTVAMASIVAKYAM","Result of Prayer and Penance"
"2584","Tantra Eight","TATTVAMASIVAKYAM","Acceptance in Grace"
"2585","Tantra Eight","TATTVAMASIVAKYAM","Immortality Conferred"
"2586","Tantra Eight","TATTVAMASIVAKYAM","Pervasive Truth Form"
"2587","Tantra Eight","VISWA-GRASAM (TOTAL ABSORPTION)","Absolute Union"
"2588","Tantra Eight","VISWA-GRASAM (TOTAL ABSORPTION)","Total Merging"
"2589","Tantra Eight","VISWA-GRASAM (TOTAL ABSORPTION)","Tattva Involutes Into Maya"
"2590","Tantra Eight","VISWA-GRASAM (TOTAL ABSORPTION)","When Jiva Becomes Para"
"2591","Tantra Eight","VISWA-GRASAM (TOTAL ABSORPTION)","When Para Becomes Parasiva"
"2592","Tantra Eight","VISWA-GRASAM (TOTAL ABSORPTION)","Three Spaces"
"2593","Tantra Eight","VISWA-GRASAM (TOTAL ABSORPTION)","Beyond Siva Turiya"
"2594","Tantra Eight","VISWA-GRASAM (TOTAL ABSORPTION)","No More Knower and Known in Parapara"
"2595","Tantra Eight","TRUTH","When Jiva Becomes Radiant"
"2596","Tantra Eight","TRUTH","Knowledge That Knows All"
"2597","Tantra Eight","TRUTH","I Met the ‘‘Thief’’"
"2598","Tantra Eight","TRUTH","Melt in Love of God"
"2599","Tantra Eight","TRUTH","How to Receive Grace"
"2600","Tantra Eight","TRUTH","The Truthful Are Beloved of God"
"2601","Tantra Eight","TRUTH","Lord Abides In Hearts of the Truthful"
"2602","Tantra Eight","TRUTH","When Lord Reveals to the Truthful"
"2603","Tantra Eight","TRUTH","How to Mount Steed of Truth"
"2604","Tantra Eight","TRUTH","Lord is the Refuge only of the Truthful"
"2605","Tantra Eight","TRUTH","Give Up Deceptive Bodily Thoughts"
"2606","Tantra Eight","TRUTH","Lord Abides in the Heart of the Faithful"
"2607","Tantra Eight","TRUTH","Lord is a Delicious Fruit Within"
"2608","Tantra Eight","TRUTH","Follow Lord and Be Redeemed"
"2609","Tantra Eight","TRUTH","Constantly Think of Him and Receive Grace"
"2610","Tantra Eight","WAYS OF JNANI","How They Deal With Karma"
"2611","Tantra Eight","WAYS OF JNANI","Tattva Jnanis Crush Karma"
"2612","Tantra Eight","WAYS OF JNANI","No Karma, if Thought and Word are Consistent"
"2613","Tantra Eight","SUNDERING OF DESIRES","Conquer Desires"
"2614","Tantra Eight","SUNDERING OF DESIRES","Lord is in the Desire—Abnegated"
"2615","Tantra Eight","SUNDERING OF DESIRES","Sunder Desires"
"2616","Tantra Eight","SUNDERING OF DESIRES","Jnana Way"
"2617","Tantra Eight","SUNDERING OF DESIRES","Perish not in the Flood of Pleasure and Pain"
"2618","Tantra Eight","SUNDERING OF DESIRES","Jnani’s Purified Way"
"2619","Tantra Eight","SUNDERING OF DESIRES","Jnanis Remain Immortal in God-Love"
"2620","Tantra Eight","SUNDERING OF DESIRES","Realize the Truth that Jiva is Siva"
"2621","Tantra Eight","SUNDERING OF DESIRES","Jnanis are not for Becoming Performing Gods"
"2622","Tantra Eight","SUNDERING OF DESIRES","He is Lord of All"
"2623","Tantra Eight","SUNDERING OF DESIRES","Be a Devotee of Devotees"
"2624","Tantra Eight","SUNDERING OF DESIRES","Seek Nandi Within"
"2625","Tantra Eight","TO BE POSSESSED OF BHAKTI","Lord is Righteous and Bounteous"
"2626","Tantra Eight","TO BE POSSESSED OF BHAKTI","Where is That Peerless Pearl?"
"2627","Tantra Eight","TO BE POSSESSED OF BHAKTI","Yearn for the Lord"
"2628","Tantra Eight","TO BE POSSESSED OF BHAKTI","Birth and Release are God’s Giving"
"2629","Tantra Eight","TO BE POSSESSED OF BHAKTI","Reach God the Kundalini Yoga Way"
"2630","Tantra Eight","TO BE POSSESSED OF BHAKTI","God Grants Protection"
"2631","Tantra Eight","TO BE POSSESSED OF BHAKTI","He Protects Good Against Evil"
"2632","Tantra Eight","TO BE POSSESSED OF BHAKTI","Seek Him Within and Without"
"2633","Tantra Eight","TO BE IN MUKTI","Jiva's Task is to Seek Him"
"2634","Tantra Eight","TO BE IN MUKTI","Divine Experiment"
"2635","Tantra Eight","EXPERIMENTATION","Seeking Union .in God"
"2636","Tantra Eight","EXPERIMENTATION","Seeking Union in God"
"2637","Tantra Eight","EXPERIMENTATION","Merge in God’s Pervasiveness"
"2638","Tantra Eight","EXPERIMENTATION","Lord is Immanent"
"2639","Tantra Eight","EXPERIMENTATION","Lord is Immanent"
"2640","Tantra Eight","EXPERIMENTATION","Lord is in the Heart’s Temple"
"2641","Tantra Eight","EXPERIMENTATION","Lord Will Make You First of Many"
"2642","Tantra Eight","EXPERIMENTATION","I Found Love Within Me"
"2643","Tantra Eight","EXPERIMENTATION","He is Father, Mother, Kitn and Kin"
"2644","Tantra Eight","EXPERIMENTATION","He is Father, Mother, Kith and Kin"
"2645","Tantra Eight","EXPERIMENTATION","Be not Separated from Lord"
"2646","Tantra Eight","EXPERIMENTATION","Search Lord in Calmness"
"2647","Tantra Eight","EXPERIMENTATION","Tat-Para Enters Within Jiva"
"2648","Tantra Nine","DARSHAN OF GURU MONASTERY","Gurus Have Reached to Lotus Feet"
"2649","Tantra Nine","DARSHAN OF GURU MONASTERY","Lord is in the Body"
"2650","Tantra Nine","DARSHAN OF GURU MONASTERY","Great Way of Seeking"
"2651","Tantra Nine","DARSHAN OF GURU MONASTERY","Revelation of Lord’s Abode"
"2652","Tantra Nine","DARSHAN OF GURU MONASTERY","Lord is in Guru’s Monastery"
"2653","Tantra Nine","DARSHAN OF GURU MONASTERY","१.010*5 Abode Inside the Body"
"2654","Tantra Nine","DARSHAN OF GURU MONASTERY","Jnanis Seek Lord Within the Light of Manifestness"
"2655","Tantra Nine","DARSHAN OF JNANA GURU","When the Holy Guru Appears"
"2656","Tantra Nine","DARSHAN OF JNANA GURU","Parasivam is Beyond the Three Turiyas"
"2657","Tantra Nine","DARSHAN OF JNANA GURU","What These Body Organs are for"
"2658","Tantra Nine","DARSHAN OF JNANA GURU","At the Thought of Guru’s Form Impurities Vanish"
"2659","Tantra Nine","DARSHAN OF JNANA GURU","At the Thought of Guru's Form Impurities Vanish"
"2660","Tantra Nine","DARSHAN OF JNANA GURU","God is in the Silence of Perception"
"2661","Tantra Nine","DARSHAN OF JNANA GURU","Sakti is in Ajna Centre"
"2662","Tantra Nine","DARSHAN OF JNANA GURU","Siva is in Sahasrathala (North)"
"2663","Tantra Nine","DARSHAN OF JNANA GURU","Way of Seeking Within Leads to Supreme"
"2664","Tantra Nine","DARSHAN OF JNANA GURU","Love Lord and Sever Pasas"
"2665","Tantra Nine","DARSHAN OF JNANA GURU","Lord can be Reached by Earnest Seeking"
"2666","Tantra Nine","DARSHAN OF JNANA GURU","Think of Him and He Thinks of You"
"2667","Tantra Nine","DARSHAN OF JNANA GURU","In Seeking be not Discouraged by Initial Failures"
"2668","Tantra Nine","DARSHAN OF JNANA GURU","How Lord Enters Within -"
"2669","Tantra Nine","DARSHAN OF JNANA GURU","Holy Guru Shows the Light in Eye-Brow Centre"
"2670","Tantra Nine","DARSHAN OF JNANA GURU","God’s Form"
"2671","Tantra Nine","DARSHAN OF JNANA GURU","His Love for Sakti and His Devotees"
"2672","Tantra Nine","DARSHAN OF JNANA GURU","By Grace He Can Be Seen"
"2673","Tantra Nine","DARSHAN OF JNANA GURU","Grace Gives Clear Vision"
"2674","Tantra Nine","PRANAVA SAMADHI","Articulate Pranava is Siva’s Form; Inarticulate"
"2675","Tantra Nine","PRANAVA SAMADHI","T~55"
"2676","Tantra Nine","PRANAVA SAMADHI","In Aum Jiva, Para and Siva Merge"
"2677","Tantra Nine","PRANAVA SAMADHI","In Aum Jiva, Para and Siva Merge"
"2678","Tantra Nine","PRANAVA SAMADHI","Aum is Bliss of Brahman, the Universe and the"
"2679","Tantra Nine","PRANAVA SAMADHI","Great Teaching of Sanmarga"
"2680","Tantra Nine","PRANAVA SAMADHI","Ascending Order to Finite Goal Within"
"2681","Tantra Nine","LIGHT","Know Light Within"
"2682","Tantra Nine","LIGHT","That Light Dispels Soul’s Darkness"
"2683","Tantra Nine","LIGHT","The Light Within is the Source of All Light"
"2684","Tantra Nine","LIGHT","Lord’s Form is Light"
"2685","Tantra Nine","LIGHT","That Light Engrosses the Light of the Five"
"2686","Tantra Nine","LIGHT","The Light Within 15 the Blending of All"
"2687","Tantra Nine","LIGHT","The Little Light Within Points to the Effulgent Light"
"2688","Tantra Nine","LIGHT","Divine Light Devours Soul’s Darkness"
"2689","Tantra Nine","LIGHT","When the Lights of Siva and Sakti Blend in Jiva Light"
"2690","Tantra Nine","LIGHT","Lord’s Light and Jiva’s Light Merge Within"
"2691","Tantra Nine","LIGHT","Dancing in the Darkness of Pasa, Siva Light Enters"
"2692","Tantra Nine","LIGHT","Siva’s Light Becomes Sakti’s Light of Grace"
"2693","Tantra Nine","LIGHT","Even Sceptics Can Reach that Light if they Seek"
"2694","Tantra Nine","LIGHT","He Who Receives Siva’s Light Becomes Jivan"
"2695","Tantra Nine","LIGHT","diva Purified by Siva’s Light Unites in Him"
"2696","Tantra Nine","LIGHT","diva then Blossoms as Divine Flower"
"2697","Tantra Nine","LIGHT","Seek Himself as Yourself"
"2698","Tantra Nine","STHULA (ARTICULATE) PANCHAKSHARA","Fifty Letters Become Five"
"2699","Tantra Nine","STHULA (ARTICULATE) PANCHAKSHARA","Fifty Letters Became Fifty-One"
"2700","Tantra Nine","STHULA (ARTICULATE) PANCHAKSHARA","Seek the Seminal Mantra Nama Sivaya"
"2701","Tantra Nine","STHULA (ARTICULATE) PANCHAKSHARA","How Aum and the Five Letters are Distributed"
"2702","Tantra Nine","STHULA (ARTICULATE) PANCHAKSHARA","The Five Letters are the Life’s Refuge"
"2703","Tantra Nine","STHULA (ARTICULATE) PANCHAKSHARA","Chant Five Letters at Dawn and Dusk"
"2704","Tantra Nine","STHULA (ARTICULATE) PANCHAKSHARA","Chant Sivaya Nama in God-Love"
"2705","Tantra Nine","STHULA (ARTICULATE) PANCHAKSHARA","The Five Letters Will Close the Gateway to Birth"
"2706","Tantra Nine","STHULA (ARTICULATE) PANCHAKSHARA","Blessings of the Five Lettered Mantra — of Siva’s"
"2707","Tantra Nine","STHULA (ARTICULATE) PANCHAKSHARA","Siva’s Five Letter Mantra is the Final Refuge"
"2708","Tantra Nine","STHULA (ARTICULATE) PANCHAKSHARA","Letters Five Alone Can Dispel Darkness"
"2709","Tantra Nine","SUKSHMA GNARTICULATE) PANCHAKSHARA","Sivaya Nama is Alchemic"
"2710","Tantra Nine","SUKSHMA GNARTICULATE) PANCHAKSHARA","Si-Va-Ya-Na-Ma Brings Union of करट With"
"2711","Tantra Nine","SUKSHMA GNARTICULATE) PANCHAKSHARA","The Five Letters Denote the Five Relations in the"
"2712","Tantra Nine","SUKSHMA GNARTICULATE) PANCHAKSHARA","Siva-Jnana Comes of Si Va Ya"
"2713","Tantra Nine","SUKSHMA GNARTICULATE) PANCHAKSHARA","How Through Na Ma Si Va Ya Union in Jiva Occurs"
"2714","Tantra Nine","SUKSHMA GNARTICULATE) PANCHAKSHARA","Chant Si Va Ya"
"2715","Tantra Nine","SUKSHMA GNARTICULATE) PANCHAKSHARA","Chant Siva Siva and Receive Grace"
"2716","Tantra Nine","SUKSHMA GNARTICULATE) PANCHAKSHARA","“Siva Siva’’ Leads to Siva State"
"2717","Tantra Nine","SUKSHMA GNARTICULATE) PANCHAKSHARA","Chant Na Ma Si Va and End Birth"
"2718","Tantra Nine","SUPER SUBTLE) PANCHAKSHARA","Bliss From Si Va Ya Siva Siva"
"2719","Tantra Nine","SUPER SUBTLE) PANCHAKSHARA","Five-Lettered Holy Word Leads to Samadhi"
"2720","Tantra Nine","SUPER SUBTLE) PANCHAKSHARA","Chant “847” and Cross the River of Life"
"2721","Tantra Nine","SUPER SUBTLE) PANCHAKSHARA","The Five Letters Unwrites Fate’s Letters"
"2722","Tantra Nine","DARSHAN OF HOLY DANCE","Siva's Sport Divine"
"2723","Tantra Nine","DARSHAN OF HOLY DANCE","Siva’s Five Dances"
"2724","Tantra Nine","SIVANANDA (SIVA-BLISS) DANCE","Ananda Dance! is Honey-Sweet"
"2725","Tantra Nine","SIVANANDA (SIVA-BLISS) DANCE","It is Bliss"
"2726","Tantra Nine","SIVANANDA (SIVA-BLISS) DANCE","It is End of Jnana"
"2727","Tantra Nine","SIVANANDA (SIVA-BLISS) DANCE","Through Five Dances Siva Performs Five Acts"
"2728","Tantra Nine","SIVANANDA (SIVA-BLISS) DANCE","Siva’s Cosmic Sway"
"2729","Tantra Nine","SIVANANDA (SIVA-BLISS) DANCE","dnana-Ananda Dance"
"2730","Tantra Nine","SIVANANDA (SIVA-BLISS) DANCE","Siddha-Lord Dances"
"2731","Tantra Nine","SIVANANDA (SIVA-BLISS) DANCE","When the Lord Danced"
"2732","Tantra Nine","SUNDARA (BEAUTY) DANCE","Dance in the Beyond as Compassion Embodied"
"2733","Tantra Nine","SUNDARA (BEAUTY) DANCE","The Dances of Siva, Eight and Five — Witnessed"
"2734","Tantra Nine","SUNDARA (BEAUTY) DANCE","Siva Dances Through Cosmos"
"2735","Tantra Nine","SUNDARA (BEAUTY) DANCE","He Dances in Sushumna and in Jnana that Arises"
"2736","Tantra Nine","SUNDARA (BEAUTY) DANCE","Siva Danced Away From Within Jiva to Jnana"
"2737","Tantra Nine","SUNDARA (BEAUTY) DANCE","Other Places Where He Danced"
"2738","Tantra Nine","SUNDARA (BEAUTY) DANCE","Categories at the Feet of Dancing Siva"
"2739","Tantra Nine","GOLDEN HALL DANCE","The Uncreated Being Dances’"
"2740","Tantra Nine","GOLDEN HALL DANCE","He Dances, for His Devotees to Witness"
"2741","Tantra Nine","GOLDEN HALL DANCE","Effect of Witnessing Siva Dance in Golden Hall"
"2742","Tantra Nine","GOLDEN HALL DANCE","When the Holy Dance they witness."
"2743","Tantra Nine","GOLDEN HALL DANCE","Siva-Bliss Dance Beyond Description"
"2744","Tantra Nine","GOLDEN HALL DANCE","He dances as a Red Ruby within,"
"2745","Tantra Nine","GOLDEN HALL DANCE","When They Witness Holy Dance"
"2746","Tantra Nine","GOLDEN HALL DANCE","How He Dances in Golden Hall"
"2747","Tantra Nine","GOLDEN HALL DANCE","Dance in the South"
"2748","Tantra Nine","GOLDEN HALL DANCE","Nadanta Dance"
"2749","Tantra Nine","GOLDEN HALL DANCE","Dance Cosmic"
"2750","Tantra Nine","GOLDEN HALL DANCE","Dance Ensemble"
"2751","Tantra Nine","GOLDEN HALL DANCE","Pervasive Dance in the Mystic Centres"
"2752","Tantra Nine","GOLDEN HALL DANCE","South the Holy Land"
"2753","Tantra Nine","GOLDEN HALL DANCE","Where He Dances Solo"
"2754","Tantra Nine","GOLDEN HALL DANCE","He Dances in Holy Ensemble"
"2755","Tantra Nine","GOLDEN HALL DANCE","Guru Para Dance in Holy Temple"
"2756","Tantra Nine","GOLDEN HALL DANCE","Siva-State"
"2757","Tantra Nine","GOLDEN HALL DANCE","Varied Dances"
"2758","Tantra Nine","GOLDEN HALL DANCE","He Dances as Prana"
"2759","Tantra Nine","ATBUDHA (WONDER) DANCE","Dance of the Form-Formless (Sadasiva)"
"2760","Tantra Nine","ATBUDHA (WONDER) DANCE","The Form-Formless Dancer is Gurupara"
"2761","Tantra Nine","ATBUDHA (WONDER) DANCE","Nadanta Dance in Prana Source"
"2762","Tantra Nine","ATBUDHA (WONDER) DANCE","Light-Form of the Divine Dancer"
"2763","Tantra Nine","ATBUDHA (WONDER) DANCE","Dance Witnessed by Those Who Transcend Maya"
"2764","Tantra Nine","ATBUDHA (WONDER) DANCE","‘Dance for Jiva’s Redemption"
"2765","Tantra Nine","ATBUDHA (WONDER) DANCE","Bliss of Siva-Sakti Pair Dance"
"2766","Tantra Nine","ATBUDHA (WONDER) DANCE","Ajna Centre is Astral Temple of Lard"
"2767","Tantra Nine","ATBUDHA (WONDER) DANCE","Seven Pedestals of Siva’s Dance"
"2768","Tantra Nine","ATBUDHA (WONDER) DANCE","The Light of Astral Flower in the Dance Theatre"
"2769","Tantra Nine","ATBUDHA (WONDER) DANCE","Septenary Centres of Cosmic Dance"
"2770","Tantra Nine","ATBUDHA (WONDER) DANCE","Dance in Space"
"2771","Tantra Nine","ATBUDHA (WONDER) DANCE","Holy Dance Theatre"
"2772","Tantra Nine","ATBUDHA (WONDER) DANCE","Pandaranga Dance at the End of Dissolution"
"2773","Tantra Nine","ATBUDHA (WONDER) DANCE","Who Witnesses Golden Temple Dance"
"2774","Tantra Nine","ATBUDHA (WONDER) DANCE","Rapturous Experience’ Flowing From Witnessing"
"2775","Tantra Nine","ATBUDHA (WONDER) DANCE","So too: They Who Hear of It"
"2776","Tantra Nine","ATBUDHA (WONDER) DANCE","He Dances With Sakti"
"2777","Tantra Nine","ATBUDHA (WONDER) DANCE","He Dances Inside and Outside the Heart"
"2778","Tantra Nine","ATBUDHA (WONDER) DANCE","Dance of Divine Bliss"
"2779","Tantra Nine","ATBUDHA (WONDER) DANCE","Dance of Seven Melodies"
"2780","Tantra Nine","ATBUDHA (WONDER) DANCE","Dance of Triple Pasa-Riddance-Mohanta Dance"
"2781","Tantra Nine","ATBUDHA (WONDER) DANCE","He is Kalpaka Tree that Grants All Wishes"
"2782","Tantra Nine","ATBUDHA (WONDER) DANCE","When Creator Dances All Creation Dances"
"2783","Tantra Nine","ATBUDHA (WONDER) DANCE","Dance of Seven Melodies"
"2784","Tantra Nine","ATBUDHA (WONDER) DANCE","He Danced in Asi Pada State"
"2785","Tantra Nine","ATBUDHA (WONDER) DANCE","Dance of Ananda (Bliss)"
"2786","Tantra Nine","ATBUDHA (WONDER) DANCE","He Danced for Rishis Patanjali and Vyaghrapada"
"2787","Tantra Nine","ATBUDHA (WONDER) DANCE","He Danced in Vedanta-Siddhanta Truth"
"2788","Tantra Nine","ATBUDHA (WONDER) DANCE","Siva Natana"
"2789","Tantra Nine","ATBUDHA (WONDER) DANCE","Jnana Dance"
"2790","Tantra Nine","ATBUDHA (WONDER) DANCE","Dance in the Three Lights"
"2791","Tantra Nine","ATBUDHA (WONDER) DANCE","He is Tattvas and Their Goal"
"2792","Tantra Nine","ATBUDHA (WONDER) DANCE","Dance of Bliss is Union in Siva"
"2793","Tantra Nine","ATBUDHA (WONDER) DANCE","Further Signification of Dance-Form in Relation"
"2794","Tantra Nine","ATBUDHA (WONDER) DANCE","Symbolism of Siva Dance"
"2795","Tantra Nine","ATBUDHA (WONDER) DANCE","Sakti Witnesses Trinity Dance of Siva"
"2796","Tantra Nine","ATBUDHA (WONDER) DANCE","Para Sundara Dance in the Beyond"
"2797","Tantra Nine","ATBUDHA (WONDER) DANCE","Form of Siva"
"2798","Tantra Nine","ATBUDHA (WONDER) DANCE","Sakti’s Grace Dance"
"2799","Tantra Nine","ATTAINMENT OF AKASA (SPACE) WITHIN","How Sivaris Without"
"2800","Tantra Nine","ATTAINMENT OF AKASA (SPACE) WITHIN","Siva’s Light Merges in Jiva’s Light"
"2801","Tantra Nine","ATTAINMENT OF AKASA (SPACE) WITHIN","He as Light is Immanent in Brahma and Vishnu"
"2802","Tantra Nine","ATTAINMENT OF AKASA (SPACE) WITHIN","When Siva’s Light is Reached"
"2803","Tantra Nine","ATTAINMENT OF AKASA (SPACE) WITHIN","He Fills Space and Outer-Space"
"2804","Tantra Nine","ATTAINMENT OF AKASA (SPACE) WITHIN","In Kundalini Yoga Jiva’s Thought Merges in Space"
"2805","Tantra Nine","ATTAINMENT OF AKASA (SPACE) WITHIN","Drink of Ambrosia in Space"
"2806","Tantra Nine","ATTAINMENT OF AKASA (SPACE) WITHIN","The Cosmic Space of Samadhi"
"2807","Tantra Nine","JNANODAYAM (DAWN OF JNANA)","Bliss in Sushupti and the Lord of Bliss in Turiya"
"2808","Tantra Nine","JNANODAYAM (DAWN OF JNANA)","Adore Lord as ‘‘Rare’’ and ‘‘Great’’"
"2809","Tantra Nine","JNANODAYAM (DAWN OF JNANA)","Enter Within and Follow Guru’s Way"
"2810","Tantra Nine","JNANODAYAM (DAWN OF JNANA)","Kindle Light Within Light"
"2811","Tantra Nine","JNANODAYAM (DAWN OF JNANA)","Know Truth of Tattva Jnana"
"2812","Tantra Nine","JNANODAYAM (DAWN OF JNANA)","Lord Stands in Astral Sphere of the Head"
"2813","Tantra Nine","JNANODAYAM (DAWN OF JNANA)","Brilliance of Lord’s Light"
"2814","Tantra Nine","JNANODAYAM (DAWN OF JNANA)","Lord Himself Removed ‘‘I’’ and ‘‘He’’ Distinction"
"2815","Tantra Nine","JNANODAYAM (DAWN OF JNANA)","Jnana is the Way to Liberation"
"2816","Tantra Nine","JNANODAYAM (DAWN OF JNANA)","Kindle Light Within Light"
"2817","Tantra Nine","JNANODAYAM (DAWN OF JNANA)","Even Celestials Are His: ८255215"
"2818","Tantra Nine","SATYA JNANANANDAM (SAT-CHIT-ANANDA)","In the Seventh Space is Siva-Knowledge-Bliss"
"2819","Tantra Nine","SATYA JNANANANDAM (SAT-CHIT-ANANDA)","Beyond Three Turiyas and the States They Lead"
"2820","Tantra Nine","SATYA JNANANANDAM (SAT-CHIT-ANANDA)","The Fourth State of Bliss — A Blend of Six"
"2821","Tantra Nine","SATYA JNANANANDAM (SAT-CHIT-ANANDA)","Sakti is Sat, Para Jnana is Chit and Siva is"
"2822","Tantra Nine","SATYA JNANANANDAM (SAT-CHIT-ANANDA)","Satya-Jnana-Bliss is Above the Three States"
"2823","Tantra Nine","SATYA JNANANANDAM (SAT-CHIT-ANANDA)","Lord is in the Farthest Stretches of Thought"
"2824","Tantra Nine","SATYA JNANANANDAM (SAT-CHIT-ANANDA)","Sweetness of Satya-Jnana-Bliss"
"2825","Tantra Nine","SATYA JNANANANDAM (SAT-CHIT-ANANDA)","Satya-Jnana-Ananda is Transcendental"
"2826","Tantra Nine","SATYA JNANANANDAM (SAT-CHIT-ANANDA)","How Jnanis Reach Satya-Jnana-Ananda"
"2827","Tantra Nine","SATYA JNANANANDAM (SAT-CHIT-ANANDA)","Svarupa (Manifestness) is in the Fourth Turiya"
"2828","Tantra Nine","SVARUPA UDAYAM (DAWN OF MANIFESTNESS)","Parasivam is Immanent in Svarupa State"
"2829","Tantra Nine","SVARUPA UDAYAM (DAWN OF MANIFESTNESS)","Parasivam is Pervasive"
"2830","Tantra Nine","SVARUPA UDAYAM (DAWN OF MANIFESTNESS)","Parasiva is Immanent in All Gods"
"2831","Tantra Nine","SVARUPA UDAYAM (DAWN OF MANIFESTNESS)","When Jnana Supreme is Attained"
"2832","Tantra Nine","SVARUPA UDAYAM (DAWN OF MANIFESTNESS)","Svarupa Siva is of the Triple Turiyas and Beyond"
"2833","Tantra Nine","SVARUPA UDAYAM (DAWN OF MANIFESTNESS)","Unless Lord Himself Reveals as Guru, He is"
"2834","Tantra Nine","SVARUPA UDAYAM (DAWN OF MANIFESTNESS)","Behold Transcendental Light (Param Jyoti)"
"2835","Tantra Nine","SVARUPA UDAYAM (DAWN OF MANIFESTNESS)","Dawn of Svarupa Bliss in Satya-Jnana-Ananda"
"2836","Tantra Nine","SVARUPA UDAYAM (DAWN OF MANIFESTNESS)","Acting on Adi Sakti Svarupa Siva is Aum"
"2837","Tantra Nine","SVARUPA UDAYAM (DAWN OF MANIFESTNESS)","He Stands Concealed in Kalas of Sakti"
"2838","Tantra Nine","SVARUPA UDAYAM (DAWN OF MANIFESTNESS)","Knowledge of the Way of Becoming"
"2839","Tantra Nine","ஊழ்‌","Understand Fate’s Working; Jnanis are not"
"2840","Tantra Nine","ஊழ்‌","The Past is Inexorable—Seek the Fair Land"
"2841","Tantra Nine","FATE","Understanding Logic of Karmaic Law, I Sought"
"2842","Tantra Nine","FATE","Behold Transcendental Light (Param Jyoti)"
"2843","Tantra Nine","FATE","Dawn of Svarupa Bliss in Satya-Jnana-Ananda"
"2844","Tantra Nine","DARSHAN OF SIVA","Acting on Adi Sakti Svarupa Siva is Aum"
"2845","Tantra Nine","DARSHAN OF SIVA SVARUPA (MANIFESTNESS)","Supreme Svarupa Bliss"
"2846","Tantra Nine","DARSHAN OF SIVA SVARUPA (MANIFESTNESS)","He is the Fragrance in the Flower Within"
"2847","Tantra Nine","DARSHAN OF SIVA SVARUPA (MANIFESTNESS)","Seek Him There Within"
"2848","Tantra Nine","DARSHAN OF SIVA SVARUPA (MANIFESTNESS)","He Blessed Me Saying, ‘““You Know”’"
"2849","Tantra Nine","DARSHAN OF SIVA SVARUPA (MANIFESTNESS)","Understanding Logic of Karmaic Law, I Sought Nandi"
"2850","Tantra Nine","DARSHAN OF SIVA SVARUPA (MANIFESTNESS)","Svarupa Siva Beyond Bliss of Satya-Jnana-Ananda"
"2851","Tantra Nine","DARSHAN OF SIVA SVARUPA (MANIFESTNESS)","Aim of Suddha State"
"2852","Tantra Nine","DARSHAN OF SIVA SVARUPA (MANIFESTNESS)","Beyond;"
"2853","Tantra Nine","MUKTI BHEDA","Progressien of Soul’s Journey to Five Muktis"
"2854","Tantra Nine","MUKTI BHEDA","He is the Finite Goal"
"2855","Tantra Nine","SYMBOLISM)","Mystery of Lord’s Play"
"2856","Tantra Nine","SYMBOLISM)","Holy Way is Strewn With Thorns"
"2857","Tantra Nine","SYMBOLISM)","Kundalini Yoga"
"2858","Tantra Nine","SYMBOLISM)","Abnegation of Desires Leading to Liberation"
"2859","Tantra Nine","SYMBOLISM)","Sahasrara Centre of Liberation"
"2860","Tantra Nine","SYMBOLISM)","Turiya State"
"2861","Tantra Nine","SYMBOLISM)","Control of Breath"
"2862","Tantra Nine","SYMBOLISM)","Tattvas—Lower and Higher"
"2863","Tantra Nine","SYMBOLISM)","Yoga Way to Transcend Tattvas"
"2864","Tantra Nine","SYMBOLISM)","Yogic Kechari Mudra For Liberation"
"2865","Tantra Nine","SYMBOLISM)","Sublimate Bindu Within into Para Bindu"
"2866","Tantra Nine","SYMBOLISM)","Liberation only for Those who Strive"
"2867","Tantra Nine","SYMBOLISM)","Attaining the-Triple Turiya States"
"2868","Tantra Nine","SYMBOLISM)","Yoga Leads to Grace"
"2869","Tantra Nine","SYMBOLISM)","Experiences in the Mystic Sphere of Sahasrara"
"2870","Tantra Nine","SYMBOLISM)","Control Senses"
"2871","Tantra Nine","SYMBOLISM)","How to be Youthful"
"2872","Tantra Nine","SYMBOLISM)","Immortality Through Yoga"
"2873","Tantra Nine","SYMBOLISM)","Sure Death, if Breath is not Controlled"
"2874","Tantra Nine","SYMBOLISM)","Body Perishes if Yoga is not Practised"
"2875","Tantra Nine","SYMBOLISM)","Yoga Way to Transcend Tattvas"
"2876","Tantra Nine","SYMBOLISM)","Yogic Kechari Mudra For Liberation"
"2877","Tantra Nine","SYMBOLISM)","Sublimate Bindu Within into Para Bindu"
"2878","Tantra Nine","SYMBOLISM)","Liberation only for Those who Strive"
"2879","Tantra Nine","SYMBOLISM)","Attaining the Triple Turiya States"
"2880","Tantra Nine","SYMBOLISM)","Do not Cultivate the Waste of Worldly Pleasures"
"2881","Tantra Nine","SYMBOLISM)","Yoga Leads to Grace"
"2882","Tantra Nine","SYMBOLISM)","Experiences in the Mystic Sphere of Sahasrara"
"2883","Tantra Nine","SYMBOLISM)","Control Senses"
"2884","Tantra Nine","SYMBOLISM)","How to be Youthful"
"2885","Tantra Nine","SYMBOLISM)","Immortality Through Yoga"
"2886","Tantra Nine","SYMBOLISM)","Sure Death, if Breath is not Controlled"
"2887","Tantra Nine","SYMBOLISM)","Body Perishes if Yoga is not Practised"
"2888","Tantra Nine","SYMBOLISM)","How the Body is"
"2889","Tantra Nine","SYMBOLISM)","Control Breath"
"2890","Tantra Nine","SYMBOLISM)","The Perfect Ones Practice Yoga Daily"
"2891","Tantra Nine","SYMBOLISM)","The Six Evils Dwell Within and God’s Warning"
"2892","Tantra Nine","SYMBOLISM)","Kundalini Yoga Alone Drives Away Triple Pasas"
"2893","Tantra Nine","SYMBOLISM)","Liberation Possible Only By Renunciation"
"2894","Tantra Nine","SYMBOLISM)","Worldly Desires Lead to Perdition"
"2895","Tantra Nine","SYMBOLISM)","Kundalini Removes Obstacles to Reach Sahasrara"
"2896","Tantra Nine","SYMBOLISM)","Kundalini Unites in Siva"
"2897","Tantra Nine","SYMBOLISM)","Goal of diva is to Seek Liberation"
"2898","Tantra Nine","SYMBOLISM)","Mystic Flower Within"
"2899","Tantra Nine","SYMBOLISM)","The Truly Great Vision the Lord in Cranial Cavity"
"2900","Tantra Nine","SYMBOLISM)","Conquer Senses and Reach Siva"
"2901","Tantra Nine","SYMBOLISM)","Sweet Ambrosia and Bitter Nux Vomica Within"
"2902","Tantra Nine","SYMBOLISM)","Sakti Grants Grace to Jiva"
"2903","Tantra Nine","SYMBOLISM)","Jivas Graze in the Backwood of Worldly Desires"
"2904","Tantra Nine","SYMBOLISM)","Lord in Sahasrara"
"2905","Tantra Nine","SYMBOLISM)","Attaining Liberation in Sahasrara"
"2906","Tantra Nine","SYMBOLISM)","Light Dawns in Sahasrara"
"2907","Tantra Nine","SYMBOLISM)","Reach the Holy Temple of Sahasrara"
"2908","Tantra Nine","SYMBOLISM)","Body Invaded by Indriyas"
"2909","Tantra Nine","SYMBOLISM)","Lord’s Love is Supreme"
"2910","Tantra Nine","SYMBOLISM)","Vision Siva and Attain Golden Form"
"2911","Tantra Nine","SYMBOLISM)","Lord is Hidden Deep Within"
"2912","Tantra Nine","SYMBOLISM)","Yoga Way to: Liberation"
"2913","Tantra Nine","SYMBOLISM)","No More Karmas if Yoga is Attained"
"2914","Tantra Nine","SYMBOLISM)","Jiva Vanquishes Indriyas by Yoga"
"2915","Tantra Nine","SYMBOLISM)","Jiva’s Journey in Yoga Sea"
"2916","Tantra Nine","SYMBOLISM)","Yoga’s Triumph"
"2917","Tantra Nine","SYMBOLISM)","Yoga Vanquishes Tattvas"
"2918","Tantra Nine","SYMBOLISM)","Conquer Indriyas and Reach Iruvinai-Oppu and"
"2919","Tantra Nine","SYMBOLISM)","Freedom From Fetters"
"2920","Tantra Nine","SYMBOLISM)","Uniqueness of Ambrosial Flow in Cranium"
"2921","Tantra Nine","SYMBOLISM)","Jiva Becomes Siva by. Kundalini Yoga"
"2922","Tantra Nine","SYMBOLISM)","Iruvinai Oppu Leads to Siva"
"2923","Tantra Nine","SYMBOLISM)","Give up Worldly Pursuits and Practice Yoga"
"2924","Tantra Nine","SYMBOLISM)","Reach Nada by Yoga and Attain Status of God"
"2925","Tantra Nine","SYMBOLISM)","Indriyas Obstruct the Yoga Journey"
"2926","Tantra Nine","SYMBOLISM)","The Lord Drives in the Tattvas into the Infant"
"2927","Tantra Nine","SYMBOLISM)","Pasa Disappears With Guru’s Guidance"
"2928","Tantra Nine","SYMBOLISM)","Siva Draws Jiva Like Himself"
"2929","Tantra Nine","SYMBOLISM)","Arouse Kundalini to Reach Cranium"
"2930","Tantra Nine","SYMBOLISM)","Reaching the Moon Sphere—A ‘Mystic Secret"
"2931","Tantra Nine","SYMBOLISM)","Dawn of Jnana in Sahasrara"
"2932","Tantra Nine","SYMBOLISM)","Properly Guided, Jiva Reaches the Final State"
"2933","Tantra Nine","SYMBOLISM)","Body No More Counts When Jiva-Siva Union"
"2934","Tantra Nine","SYMBOLISM)","Dawn of Jnana Eternal Day-Light"
"2935","Tantra Nine","SYMBOLISM)","When Pasas Leave Jiva Unites"
"2936","Tantra Nine","MAUNA SAMADHI (TRANSCENDENTAL)","Through Samadhi Being Within is Reached"
"2937","Tantra Nine","MAUNA SAMADHI (TRANSCENDENTAL)","Guru Alone Can Show the Way"
"2938","Tantra Nine","MAUNA SAMADHI (TRANSCENDENTAL)","Know the Finite Truth"
"2939","Tantra Nine","MAUNA SAMADHI (TRANSCENDENTAL)","Siva and Sakti are in Samadhi Union"
"2940","Tantra Nine","MAUNA SAMADHI (TRANSCENDENTAL)","Lord is Beyond Turiyatita"
"2941","Tantra Nine","MAUNA SAMADHI (TRANSCENDENTAL)","Attributes of Siva"
"2942","Tantra Nine","MAUNA SAMADHI (TRANSCENDENTAL)","Bliss of Devotees is Beyond Description"
"2943","Tantra Nine","MAUNA SAMADHI (TRANSCENDENTAL)","Felicity of Union of Jiva and Siva"
"2944","Tantra Nine","MAUNA SAMADHI (TRANSCENDENTAL)","Divine Felicity Beyond Words"
"2945","Tantra Nine","MAUNA SAMADHI (TRANSCENDENTAL)","Transcendental Union Beyond Word and Speech"
"2946","Tantra Nine","MAUNA SAMADHI (TRANSCENDENTAL)","Deceptive Ways of World"
"2947","Tantra Nine","MAUNA SAMADHI (TRANSCENDENTAL)","Jiva Light Merges in Siva Light"
"2948","Tantra Nine","MAUNA SAMADHI (TRANSCENDENTAL)","Merging into Space"
"2949","Tantra Nine","MAUNA SAMADHI (TRANSCENDENTAL)","The Celestials Seek Him Not"
"2950","Tantra Nine","MAUNA SAMADHI (TRANSCENDENTAL)","Lord’s Gushing Love"
"2951","Tantra Nine","MAUNA SAMADHI (TRANSCENDENTAL)","Nature of Union in God"
"2952","Tantra Nine","MAUNA SAMADHI (TRANSCENDENTAL)","Merging into Finite Reality"
"2953","Tantra Nine","MAUNA SAMADHI (TRANSCENDENTAL)","Transcendental Awareness"
"2954","Tantra Nine","GREATNESS OF ‘LIMITLESSNESS BEYOND","State of Oneness in God"
"2955","Tantra Nine","GREATNESS OF ‘LIMITLESSNESS BEYOND","Thoughts Stand Still in the Beyond"
"2956","Tantra Nine","GREATNESS OF ‘LIMITLESSNESS BEYOND","Maya Creates No Illusions. There"
"2957","Tantra Nine","GREATNESS OF THE REALIZED","The Realized Souls Have No Possessions"
"2958","Tantra Nine","GREATNESS OF THE REALIZED","They Become God"
"2959","Tantra Nine","GREATNESS OF THE REALIZED","They Want Nothing"
"2960","Tantra Nine","GREATNESS OF THE REALIZED","They are Inseparable in God"
"2961","Tantra Nine","GREATNESS OF THE REALIZED","How They Hastened to the City of God"
"2962","Tantra Nine","GREATNESS OF THE REALIZED","Sweetness of Namasivaya Fruit"
"2963","Tantra Nine","GREATNESS OF THE REALIZED","Doubt-Free State of the God Realized"
"2964","Tantra Nine","GREATNESS OF THE REALIZED","Their Thought-Free State"
"2965","Tantra Nine","GREATNESS OF THE REALIZED","Siva-Sakti-Jiva Union"
"2966","Tantra Nine","GREATNESS OF THE REALIZED","Prowess of Redeemed State"
"2967","Tantra Nine","GREATNESS OF THE REALIZED","He is the Totality"
"2968","Tantra Nine","GREATNESS OF THE REALIZED","Their Thought Power"
"2969","Tantra Nine","GREATNESS OF THE REALIZED","They are in Nada and Bindu"
"2970","Tantra Nine","GREATNESS OF THE REALIZED","Long They Live"
"2971","Tantra Nine","GREATNESS OF THE REALIZED","Siva Appears as a Tapasvin"
"2972","Tantra Nine","GREATNESS OF THE REALIZED","Meek and Intense Prayer Leads to Siva"
"2973","Tantra Nine","GREATNESS OF THE REALIZED","In the Presence of Siva"
"2974","Tantra Nine","GREATNESS OF THE REALIZED","He Resolved My Contradictions"
"2975","Tantra Nine","GREATNESS OF THE REALIZED","How Siva Entered in Me"
"2976","Tantra Nine","GREATNESS OF THE REALIZED","Bodily Pleasures Ceased to Interest"
"2977","Tantra Nine","GREATNESS OF THE REALIZED","All My Doings Became Siva’s"
"2978","Tantra Nine","GREATNESS OF THE REALIZED","Egoity Died and Siva Appeared"
"2979","Tantra Nine","GREATNESS OF THE REALIZED","Siva-Sakti in the Cranium Sphere"
"2980","Tantra Nine","GREATNESS OF THE REALIZED","Intense Devotion"
"2981","Tantra Nine","GREATNESS OF THE REALIZED","Mind Blossomed into Mukti"
"2982","Tantra Nine","LAUDATION","Lord is in Body Land"
"2983","Tantra Nine","LAUDATION","Glorious Reward of Prayer"
"2984","Tantra Nine","LAUDATION","I See not My Father 5"
"2985","Tantra Nine","LAUDATION","He Entered in Me"
"2986","Tantra Nine","LAUDATION","He is Seen in the Mind-Mirror"
"2987","Tantra Nine","LAUDATION","Chant ‘‘Aum” Incessantly"
"2988","Tantra Nine","LAUDATION","Ajapa"
"2989","Tantra Nine","LAUDATION","Practise Yoga"
"2990","Tantra Nine","LAUDATION","Devotees More Rewarded Than Celestials"
"2991","Tantra Nine","LAUDATION","Still Your Thoughts and Be Purified"
"2992","Tantra Nine","LAUDATION","Yearn For Him"
"2993","Tantra Nine","LAUDATION","The Bounteous One"
"2994","Tantra Nine","LAUDATION","He Hides in the Heart"
"2995","Tantra Nine","LAUDATION","Divine Knight-Errant That Severs Karmas"
"2996","Tantra Nine","LAUDATION","Seek His Feet"
"2997","Tantra Nine","LAUDATION","Attain Jnana"
"2998","Tantra Nine","LAUDATION","Goal Ultima"
"2999","Tantra Nine","LAUDATION","How Lord is Seated"
"3000","Tantra Nine","LAUDATION","He is in Five-Lettered Mantra"
"3001","Tantra Nine","LAUDATION","He is Pervasive in All Elements"
"3002","Tantra Nine","LAUDATION","He Confers Blessings According to Degree of"
"3003","Tantra Nine","LAUDATION","He is the Object Mighty"
"3004","Tantra Nine","LAUDATION","His Cosmic Existence"
"3005","Tantra Nine","LAUDATION","Primal Lord is Everywhere—Above, Middle and"
"3006","Tantra Nine","LAUDATION","Lord Seeks Those Who Seek Him"
"3007","Tantra Nine","LAUDATION","He Created All"
"3008","Tantra Nine","LAUDATION","He Protects All"
"3009","Tantra Nine","LAUDATION","He Pervades as Prana Breath"
"3010","Tantra Nine","LAUDATION","All Emanate From Him Alone"
"3011","Tantra Nine","LAUDATION","The Pervasive Siva is Here as Well"
"3012","Tantra Nine","LAUDATION","He is Transcendental and Immanent"
"3013","Tantra Nine","LAUDATION","He Redeems Jiva in Love"
"3014","Tantra Nine","LAUDATION","He Spreads Like Flower’s Fragrance"
"3015","Tantra Nine","LAUDATION","He is Interminable Light Beyond Words"
"3016","Tantra Nine","LAUDATION","He is Bounteous"
"3017","Tantra Nine","LAUDATION","He Transforms Celestial Beings"
"3018","Tantra Nine","LAUDATION","He is Endless Bliss"
"3019","Tantra Nine","LAUDATION","None Knows Him Full Well"
"3020","Tantra Nine","LAUDATION","Adore Lord"
"3021","Tantra Nine","LAUDATION","Lord is Benevolent Like Rain"
"3022","Tantra Nine","LAUDATION","He is Cosmic Awareness"
"3023","Tantra Nine","LAUDATION","His Supreme Might"
"3024","Tantra Nine","LAUDATION","Lord Appears in Prayer and Penance"
"3025","Tantra Nine","LAUDATION","Fruit of Jnana"
"3026","Tantra Nine","THE ALL-PERVASIVE","_ When Jiva Unites in Siva"
"3027","Tantra Nine","THE ALL-PERVASIVE","Omniscience and Omnipresence in Siva-Jiva Union"
"3028","Tantra Nine","THE ALL-PERVASIVE","Seek Inner Light and Be One in Lord"
"3029","Tantra Nine","THE ALL-PERVASIVE","His Infinite Compassion For Jiva"
"3030","Tantra Nine","THE ALL-PERVASIVE","वार Becomes a Flaming Light"
"3031","Tantra Nine","THE ALL-PERVASIVE","He is the Spark of Jnana in Ajna"
"3032","Tantra Nine","THE ALL-PERVASIVE","His is the Voice that Voices All"
"3033","Tantra Nine","THE ALL-PERVASIVE","He Has No Entry, Exit and Stay"
"3034","Tantra Nine","THE ALL-PERVASIVE","He Pervades All Worlds Alike"
"3035","Tantra Nine","THE ALL-PERVASIVE","He is Within the Flower’s Fragrance"
"3036","Tantra Nine","THE ALL-PERVASIVE","He Comprehends All"
"3037","Tantra Nine","THE ALL-PERVASIVE","He is Light in the Eye of Jivas"
"3038","Tantra Nine","THE ALL-PERVASIVE","His Limitless Expansiveness"
"3039","Tantra Nine","THE ALL-PERVASIVE","He is Jiva and Master of Jiva"
"3040","Tantra Nine","THE ALL-PERVASIVE","He is the Spark of Life and Thought Within"
"3041","Tantra Nine","THE ALL-PERVASIVE","He Effected Union With Jiva"
"3042","Tantra Nine","THE ALL-PERVASIVE","He is the Centre of All"
"3043","Tantra Nine","THE ALL-PERVASIVE","He is One and Many"
"3044","Tantra Nine","THE ALL-PERVASIVE","He Knows All; But None Knows Him"
"3045","Tantra Nine","THE ALL-PERVASIVE","He is Deathless"
"3046","Tantra Nine","BENEDICTION","He is Deathless"
"3047","Tantra Nine","BENEDICTION","Long May They Be"
